id,name,classification,size,special_notes,habitat_hokkaido,habitat_honshu,habitat_shikoku,habitat_kyushu,habitat_islands,type,season,rarity,description,photo_url,observed_date,observed_location,学名,sub-sp
1,アビ,アビ目 アビ科 アビ属,63cm,,1,1,1,1,1,海鳥,冬鳥,2,,,,,Gavia stellata,
2,オオハム,アビ目 アビ科 アビ属,70cm,,1,1,1,1,1,海鳥,冬鳥,2,,,,,Gavia arctica,
3,シロエリオオハム,アビ目 アビ科 アビ属,67cm,,1,1,1,1,1,海鳥,冬鳥,2,,,,,Gavia pacifica,
4,ハシグロアビ,アビ目 アビ科 アビ属,75cm,,1,1,1,1,1,海鳥,冬鳥,4,,,,,Gavia immer,
5,ハシジロアビ,アビ目 アビ科 アビ属,80cm,,1,1,1,1,1,海鳥,冬鳥,4,,,,,Gavia adamsii,
6,ヒマラヤアナツバメ,アマツバメ目 アマツバメ科,13-14cm,,0,0,0,0,0,ツバメ類,迷鳥,5,,,,,Aerodramus brevirostris,
7,アマツバメ,アマツバメ目 アマツバメ科 アマツバメ属,20cm,,1,1,1,1,1,ツバメ類,夏鳥,2,,,,,Apus pacificus,
8,ハリオアマツバメ,アマツバメ目 アマツバメ科 ハリオアマツバメ属,21cm,,1,1,1,1,0,ツバメ類,夏鳥,2,,,,,Hirundapus caudacutus,
9,ヒメアマツバメ,アマツバメ目 アマツバメ科 ヒメアマツバメ属,13cm,,0,1,1,1,1,ツバメ類,留鳥,2,,,,,Apus nipalensis,
10,アカエリカイツブリ,カイツブリ目 カイツブリ科 カイツブリ属,48cm,,1,1,1,1,1,その他,冬鳥,2,,,,,Podiceps grisegena,
11,カイツブリ,カイツブリ目 カイツブリ科 カイツブリ属,26cm,,1,1,1,1,1,その他,留鳥,1,,,,,Tachybaptus ruficollis,
12,カンムリカイツブリ,カイツブリ目 カイツブリ科 カイツブリ属,56cm,,1,1,1,1,1,その他,冬鳥,1,,,,,Podiceps cristatus,
13,ハジロカイツブリ,カイツブリ目 カイツブリ科 カイツブリ属,30cm,,1,1,1,1,1,その他,冬鳥,2,,,,,Podiceps nigricollis,
14,ミミカイツブリ,カイツブリ目 カイツブリ科 カイツブリ属,34cm,,1,1,1,1,1,その他,冬鳥,2,,,,,Podiceps auritus,
15,チシマウガラス,カツオドリ目 ウ科,76-89cm,"絶滅危惧IA類(CR), 国内希少野生動植物種",1,1,0,0,1,海鳥,冬鳥,5,,,,,Phalacrocorax urile,
16,ウミウ,カツオドリ目 ウ科 ウ属,84cm,,1,1,1,1,1,海鳥,留鳥,2,,,,,Phalacrocorax capillatus,
17,ヒメウ,カツオドリ目 ウ科 ウ属,54cm,,1,1,1,1,1,海鳥,留鳥,2,,,,,Phalacrocorax pelagicus,
18,カワウ,カツオドリ目 ウ科 カワウ属,81cm,,1,1,1,1,1,その他,留鳥,1,,,,,Phalacrocorax carbo,
19,アオアシカツオドリ,カツオドリ目 カツオドリ科 カツオドリ属,80cm,,0,0,0,0,0,海鳥,迷鳥,5,,,,,Sula nebouxii,
20,アオツラカツオドリ,カツオドリ目 カツオドリ科 カツオドリ属,88cm,,0,0,0,0,1,海鳥,留鳥,4,,,,,Sula dactylatra,
21,アカアシカツオドリ,カツオドリ目 カツオドリ科 カツオドリ属,71cm,,0,0,0,0,1,海鳥,留鳥,4,,,,,Sula sula,
22,カツオドリ,カツオドリ目 カツオドリ科 カツオドリ属,76cm,,0,1,1,1,1,海鳥,留鳥,3,,,,,Sula leucogaster,
23,オオグンカンドリ,カツオドリ目 グンカンドリ科 グンカンドリ属,100cm,,0,0,0,0,0,海鳥,迷鳥,5,,,,,Fregata minor,
24,コグンカンドリ,カツオドリ目 グンカンドリ科 グンカンドリ属,80cm,,0,0,0,0,0,海鳥,迷鳥,5,,,,,Fregata ariel,
25,シロハラグンカンドリ,カツオドリ目 グンカンドリ科 グンカンドリ属,93cm,,0,0,0,0,0,海鳥,迷鳥,5,,,,,Fregata andrewsi,
26,オウチュウカッコウ,カッコウ目 カッコウ科,24-25cm,,0,0,0,0,0,トケン,迷鳥,5,,,,,Surniculus lugubris,
27,オオジュウイチ,カッコウ目 カッコウ科,40cm,,0,0,0,0,0,トケン,迷鳥,5,,,,,Hierococcyx sparverioides,
28,キジカッコウ,カッコウ目 カッコウ科,40cm,,0,0,0,0,0,トケン,迷鳥,5,,,,,Urodynamis taitensis,
29,セグロカッコウ,カッコウ目 カッコウ科,33cm,,0,1,0,1,1,トケン,旅鳥,4,,,,,Cuculus micropterus,
30,バンケン,カッコウ目 カッコウ科,31-42cm,,0,0,0,0,0,トケン,迷鳥,5,,,,,Centropus bengalensis,
31,オニカッコウ,カッコウ目 カッコウ科 オニカッコウ属,40cm,,0,0,0,0,0,トケン,迷鳥,5,,,,,Eudynamys scolopaceus,
32,カッコウ,カッコウ目 カッコウ科 カッコウ属,35cm,,1,1,1,1,0,トケン,夏鳥,1,,,,,Cuculus canorus,
33,ツツドリ,カッコウ目 カッコウ科 カッコウ属,33cm,,1,1,1,1,0,トケン,夏鳥,1,,,,,Cuculus optatus,
34,ホトトギス,カッコウ目 カッコウ科 カッコウ属,28cm,,1,1,1,1,1,トケン,夏鳥,1,,,,,Cuculus poliocephalus,
35,カンムリカッコウ,カッコウ目 カッコウ科 カンムリカッコウ属,40cm,,0,0,0,0,0,トケン,迷鳥,5,,,,,Clamator coromandus,
36,ジュウイチ,カッコウ目 カッコウ科 ジュウイチ属,32cm,,1,1,1,1,0,トケン,夏鳥,2,,,,,Hierococcyx hyperythrus,
37,ヒメカッコウ,カッコウ目 カッコウ科 ヒメカッコウ属,23cm,,0,0,0,0,0,トケン,迷鳥,5,,,,,Cacomantis merulinus,
38,アカノドカルガモ,カモ目 カモ科,48-58cm,絶滅危惧II類(VU),0,0,0,0,0,ガンカモ,迷鳥,5,,,,,Anas luzonica,
39,アカハシハジロ,カモ目 カモ科,50cm,,0,1,0,1,1,ガンカモ,冬鳥,4,,,,,Netta rufina,
40,アカハジロ,カモ目 カモ科,46cm,絶滅危惧IA類(CR),0,0,0,0,0,ガンカモ,冬鳥,4,,,,,Aythya baeri,
41,アメリカホシハジロ,カモ目 カモ科,49cm,,0,0,0,0,0,ガンカモ,迷鳥,5,,,,,Aythya americana,
42,オオホシハジロ,カモ目 カモ科,55cm,,1,1,0,0,0,ガンカモ,冬鳥,4,,,,,Aythya valisineria,
43,カンムリツクシガモ,カモ目 カモ科,60cm,絶滅(CR) (1971年以降国内記録なし),0,0,0,0,0,ガンカモ,迷鳥,5,,,,,Tadorna cristata,
44,クビワキンクロ,カモ目 カモ科,40cm,,1,1,0,0,0,ガンカモ,冬鳥,4,,,,,Aythya collaris,
45,クロガモ,カモ目 カモ科,44-54cm,,1,1,1,1,1,ガンカモ,冬鳥,2,,,,,Melanitta americana,
46,ケワタガモ,カモ目 カモ科,56cm,,0,0,0,0,0,ガンカモ,迷鳥,5,,,,,Somateria spectabilis,
47,コスズガモ,カモ目 カモ科,42cm,,0,0,0,0,0,ガンカモ,迷鳥,5,,,,,Aythya affinis,
48,コブハクチョウ,カモ目 カモ科,150cm,外来種,1,1,1,1,1,ガンカモ,留鳥,3,,,,,Cygnus olor,
49,ナンキンオシ,カモ目 カモ科,33cm,,0,0,0,0,0,ガンカモ,迷鳥,5,,,,,Nettapus coromandelianus,
50,ミカヅキシマアジ,カモ目 カモ科,35-41cm,,0,0,0,0,0,ガンカモ,迷鳥,5,,,,,Anas discors,
51,メジロガモ,カモ目 カモ科,38-42cm,準絶滅危惧(NT),0,1,0,1,1,ガンカモ,冬鳥,4,,,,,Aythya nyroca,
52,リュウキュウガモ,カモ目 カモ科,41cm,,0,0,0,0,0,ガンカモ,迷鳥,5,,,,,Dendrocygna javanica,
53,アカツクシガモ,カモ目 カモ科 アカツクシガモ属,64cm,,1,1,1,1,1,ガンカモ,冬鳥,4,,,,,Tadorna ferruginea,
54,ウミアイサ,カモ目 カモ科 ウミアイサ属,58cm,,1,1,1,1,1,ガンカモ,冬鳥,2,,,,,Mergus serrator,
55,カワアイサ,カモ目 カモ科 ウミアイサ属,64cm,,1,1,1,1,0,ガンカモ,冬鳥,2,,,,,Mergus merganser,
56,オウギアイサ,カモ目 カモ科 オウギアイサ属,48cm,,1,1,0,0,0,ガンカモ,冬鳥,4,,,,,Lophodytes cucullatus,
57,オシドリ,カモ目 カモ科 オシドリ属,45cm,,1,1,1,1,0,ガンカモ,留鳥,1,,,,,Aix galericulata,
58,カオジロガン,カモ目 カモ科 カオジロガン属,64cm,,0,0,0,0,0,ガンカモ,迷鳥,5,,,,,Branta leucopsis,
59,カナダガン,カモ目 カモ科 カナダガン属,95cm,,1,1,1,1,1,ガンカモ,冬鳥,4,,,,,Branta canadensis,
60,シジュウカラガン,カモ目 カモ科 カナダガン属,68cm,天然記念物;IUCN(VU),1,1,1,1,1,ガンカモ,冬鳥,4,,,,,Branta hutchinsii,
61,ケアシガモ,カモ目 カモ科 ケワタガモ属,60cm,,1,1,0,0,0,ガンカモ,冬鳥,4,,,,,Aythya marila,
62,コウライアイサ,カモ目 カモ科 コウライアイサ属,58cm,IUCN(EN),1,1,1,1,0,ガンカモ,冬鳥,5,,,,,Mergus squamatus,
63,コオリガモ,カモ目 カモ科 コオリガモ属,53cm,,1,1,0,0,0,ガンカモ,冬鳥,3,,,,,Clangula hyemalis,
64,コクガン,カモ目 カモ科 コクガン属,61cm,天然記念物,1,1,1,1,0,ガンカモ,冬鳥,3,,,,,Branta bernicla,
65,ミカドガン,カモ目 カモ科 コクガン属,70cm,,0,0,0,0,0,ガンカモ,迷鳥,5,,,,,Anser canagicus,
66,コケワタガモ,カモ目 カモ科 コケワタガモ属,45cm,,1,1,0,0,0,ガンカモ,冬鳥,4,,,,,Polysticta stelleri,
67,シノリガモ,カモ目 カモ科 シノリガモ属,43cm,,1,1,0,0,0,ガンカモ,冬鳥,2,,,,,Histrionicus histrionicus,
68,キンクロハジロ,カモ目 カモ科 スズガモ属,44cm,狩猟鳥,1,1,1,1,1,ガンカモ,冬鳥,1,,,,,Aythya fuligula,
69,スズガモ,カモ目 カモ科 スズガモ属,45cm,狩猟鳥,1,1,1,1,1,ガンカモ,冬鳥,1,,,,,Aythya marila,
70,ホシハジロ,カモ目 カモ科 スズガモ属,45cm,狩猟鳥;IUCN(VU),1,1,1,1,1,ガンカモ,冬鳥,1,,,,,Aythya ferina,
71,ツクシガモ,カモ目 カモ科 ツクシガモ属,63cm,,0,1,1,1,1,ガンカモ,冬鳥,3,,,,,Tadorna tadorna,
72,ハイイロガン,カモ目 カモ科 ハイイロガン属,83cm,,0,0,0,0,0,ガンカモ,迷鳥,5,,,,,Anser anser,
73,ハクガン,カモ目 カモ科 ハイイロガン属,75cm,,1,1,1,1,1,ガンカモ,冬鳥,4,,,,,Anser caerulescens,
74,オオハクチョウ,カモ目 カモ科 ハクチョウ属,140cm,,1,1,0,0,0,ガンカモ,冬鳥,2,,,,,Cygnus cygnus,
75,コハクチョウ,カモ目 カモ科 ハクチョウ属,120cm,,1,1,1,1,0,ガンカモ,冬鳥,2,,,,,Cygnus columbianus,
76,ナキハクチョウ,カモ目 カモ科 ハクチョウ属,150cm,,0,0,0,0,0,ガンカモ,迷鳥,5,,,,,Cygnus buccinator,
77,アラナミキンクロ,カモ目 カモ科 ビロードキンクロ属,50cm,,1,1,0,0,0,ガンカモ,冬鳥,4,,,,,Melanitta perspicillata,
78,ビロードキンクロ,カモ目 カモ科 ビロードキンクロ属,54cm,,1,1,0,0,0,ガンカモ,冬鳥,3,,,,,Melanitta fusca,
79,ヒメハジロ,カモ目 カモ科 ホオジロガモ属,40cm,,1,1,1,1,1,ガンカモ,冬鳥,4,,,,,Bucephala albeola,
80,ホオジロガモ,カモ目 カモ科 ホオジロガモ属,46cm,,1,1,1,1,1,ガンカモ,冬鳥,2,,,,,Bucephala clangula,
81,アメリカコガモ,カモ目 カモ科 マガモ属,38cm,,1,1,1,1,1,ガンカモ,冬鳥,3,,,,,Anas carolinensis ,
82,アメリカヒドリ,カモ目 カモ科 マガモ属,50cm,,1,1,1,1,1,ガンカモ,冬鳥,3,,,,,Anas americana,
83,オカヨシガモ,カモ目 カモ科 マガモ属,51cm,,1,1,1,1,1,ガンカモ,冬鳥,2,,,,,Anas strepera,
84,オナガガモ,カモ目 カモ科 マガモ属,64cm,狩猟鳥,1,1,1,1,1,ガンカモ,冬鳥,1,,,,,Anas acuta,
85,カルガモ,カモ目 カモ科 マガモ属,61cm,狩猟鳥,1,1,1,1,1,ガンカモ,留鳥,1,,,,,Anas zonorhyncha,
86,コガモ,カモ目 カモ科 マガモ属,38cm,狩猟鳥,1,1,1,1,1,ガンカモ,冬鳥,1,,,,,Anas crecca,
87,シマアジ,カモ目 カモ科 マガモ属,39cm,,1,1,1,1,1,ガンカモ,旅鳥,2,,,,,Anas querquedula,
88,トモエガモ,カモ目 カモ科 マガモ属,41cm,IUCN(NT),1,1,1,1,1,ガンカモ,冬鳥,3,,,,,Anas formosa,
89,ハシビロガモ,カモ目 カモ科 マガモ属,48cm,狩猟鳥,1,1,1,1,1,ガンカモ,冬鳥,2,,,,,Anas clypeata,
90,ヒドリガモ,カモ目 カモ科 マガモ属,50cm,狩猟鳥,1,1,1,1,1,ガンカモ,冬鳥,1,,,,,Anas penelope,
91,マガモ,カモ目 カモ科 マガモ属,59cm,狩猟鳥,1,1,1,1,1,ガンカモ,冬鳥,1,,,,,Anas platyrhynchos,
92,ヨシガモ,カモ目 カモ科 マガモ属,54cm,狩猟鳥,1,1,1,1,1,ガンカモ,冬鳥,1,,,,,Anas falcata,
93,インドガン,カモ目 カモ科 マガン属,74cm,,0,0,0,0,0,ガンカモ,迷鳥,5,,,,,Anser indicus,
94,カリガネ,カモ目 カモ科 マガン属,60cm,希少野生動植物種;IUCN(VU),1,1,1,1,0,ガンカモ,冬鳥,4,,,,,Anser erythropus,
95,サカツラガン,カモ目 カモ科 マガン属,85cm,天然記念物;IUCN(VU),1,1,1,1,0,ガンカモ,冬鳥,4,,,,,Anser cygnoides,
96,ヒシクイ,カモ目 カモ科 マガン属,85cm,天然記念物;IUCN(VU),1,1,0,1,0,ガンカモ,冬鳥,3,,,,,Anser fabalis,
97,マガン,カモ目 カモ科 マガン属,75cm,天然記念物,1,1,0,1,0,ガンカモ,冬鳥,3,,,,,Anser albifrons,
98,ミコアイサ,カモ目 カモ科 ミコアイサ属,42cm,,1,1,1,1,0,ガンカモ,冬鳥,2,,,,,Mergellus albellus,
99,ウズラ,キジ目 キジ科 ウズラ属,20cm,IUCN(NT),1,1,1,1,0,その他,夏鳥,4,,,,,Coturnix japonica,
100,エゾライチョウ,キジ目 キジ科 エゾライチョウ属,36cm,狩猟鳥,1,0,0,0,0,その他,留鳥,3,,,,,Tetrastes bonasia,
101,カラフトライチョウ,キジ目 キジ科 カラフトライチョウ属,40cm,,0,0,0,0,0,その他,迷鳥,5,,,,,Falcipennis falcipennis,
102,キジ,キジ目 キジ科 キジ属,81cm,国鳥;狩猟鳥,0,1,1,1,0,その他,留鳥,1,,,,,Phasianus colchicus,
103,ヤマドリ,キジ目 キジ科 ヤマドリ属,125cm,狩猟鳥,0,1,1,1,0,その他,留鳥,2,,,,,Syrmaticus soemmerringii,
104,ライチョウ,キジ目 キジ科 ライチョウ属,37cm,特別天然記念物;希少野生動植物種,0,1,0,0,0,その他,留鳥,3,,,,,Lagopus muta,
105,キタタキ,キツツキ目 キツツキ科,42-48cm,絶滅(EX) (対馬。国内記録なし),0,0,0,0,1,キツツキ,留鳥,5,,,,,Dryocopus javensis,
106,チャバラアカゲラ,キツツキ目 キツツキ科,25cm,,0,0,0,0,0,キツツキ,迷鳥,5,,,,,Dendrocopos hyperythrus,
107,ミユビゲラ,キツツキ目 キツツキ科,22cm,絶滅危惧II類(VU) (国内では北海道のみ),1,0,0,0,0,キツツキ,留鳥,5,,,,,Picoides tridactylus,
108,アオゲラ,キツツキ目 キツツキ科 アオゲラ属,29cm,,0,1,1,1,0,キツツキ,留鳥,1,,,,,Picus awokera,
109,ヤマゲラ,キツツキ目 キツツキ科 アオゲラ属,30cm,,1,0,0,0,0,キツツキ,留鳥,3,,,,,Picus canus,
110,アカゲラ,キツツキ目 キツツキ科 アカゲラ属,23.5cm,,1,1,1,1,0,キツツキ,留鳥,1,,,,,Dendrocopos major,
111,オオアカゲラ,キツツキ目 キツツキ科 アカゲラ属,28cm,,1,1,1,1,0,キツツキ,留鳥,3,,,,,Dendrocopos leucotos,
112,アリスイ,キツツキ目 キツツキ科 アリスイ属,17cm,,1,1,1,1,1,キツツキ,冬鳥,3,,,,,Jynx torquilla,
113,クマゲラ,キツツキ目 キツツキ科 クマゲラ属,46cm,天然記念物,1,1,0,0,0,キツツキ,留鳥,4,,,,,Dryocopus martius,
114,コアカゲラ,キツツキ目 キツツキ科 コゲラ属,16cm,,1,0,0,0,0,キツツキ,留鳥,4,,,,,Dendrocopos minor,
115,コゲラ,キツツキ目 キツツキ科 コゲラ属,15cm,,1,1,1,1,1,キツツキ,留鳥,1,,,,,Dendrocopos kizuki,
116,ノグチゲラ,キツツキ目 キツツキ科 ノグチゲラ属,31cm,特別天然記念物;希少野生動植物種;IUCN(CR),0,0,0,0,1,キツツキ,留鳥,3,,,,,Sapheopipo noguchii,
117,ナベコウ,コウノトリ目 コウノトリ科,95-110cm,,0,0,0,0,0,その他,冬鳥/迷鳥,5,,,,,Ciconia nigra,
118,コウノトリ,コウノトリ目 コウノトリ科 コウノトリ属,112cm,特別天然記念物;希少野生動植物種;IUCN(EN),0,1,1,1,0,その他,留鳥,3,,,,,Ciconia boyciana,
119,ヤツガシラ,サイチョウ目 ヤツガシラ科 ヤツガシラ属,26cm,,0,0,0,0,0,その他,迷鳥,5,,,,,Upupa epops,
120,サケイ,サケイ目 サケイ科,38cm,,0,0,0,0,0,その他,迷鳥,5,,,,,Syrrhaptes paradoxus,
121,アカマシコ,スズメ目 アトリ科,15cm,,1,1,1,1,1,その他,冬鳥,3,,,,,Carpodacus erythrinus,
122,コイカル,スズメ目 アトリ科,19cm,,0,1,1,1,1,その他,旅鳥/冬鳥,3,,,,,Eophona migratoria,
123,アトリ,スズメ目 アトリ科 アトリ属,16cm,,1,1,1,1,1,その他,冬鳥,2,,,,,Fringilla montifringilla,
124,ズアオアトリ,スズメ目 アトリ科 アトリ属,15cm,,0,0,0,0,0,その他,迷鳥,5,,,,,Fringilla coelebs,
125,イカル,スズメ目 アトリ科 イカル属,23cm,,1,1,1,1,0,その他,留鳥,1,,,,,Eophona personata,
126,イスカ,スズメ目 アトリ科 イスカ属,17cm,,1,1,1,1,0,その他,冬鳥,3,,,,,Loxia curvirostra,
127,ナキイスカ,スズメ目 アトリ科 イスカ属,15cm,,1,1,1,1,0,その他,冬鳥,4,,,,,Loxia leucoptera,
128,ウソ,スズメ目 アトリ科 ウソ属,16cm,,1,1,1,1,1,その他,冬鳥,1,,,,,Pyrrhula pyrrhula,
129,オオマシコ,スズメ目 アトリ科 オオマシコ属,17cm,,1,1,1,1,0,その他,冬鳥,3,,,,,Carpodacus roseus,
130,オガサワラマシコ,スズメ目 アトリ科 オガサワラマシコ属,19cm,IUCN(EX),0,0,0,0,1,その他,留鳥,5,,,,,Chaunoproctus ferreorostris,
131,オガサワラカワラヒワ,スズメ目 アトリ科 カワラヒワ属,14cm,希少野生動植物種;IUCN(CR),0,0,0,0,1,その他,留鳥,5,,,,,Chloris sinica kittlitzi ,
132,カワラヒワ,スズメ目 アトリ科 カワラヒワ属,14.5cm,,1,1,1,1,1,その他,留鳥,1,,,,,Chloris sinica,
133,ギンザンマシコ,スズメ目 アトリ科 ギンザンマシコ属,20cm,,1,1,0,0,0,その他,留鳥,4,,,,,Pinicola enucleator,
134,ゴシキヒワ,スズメ目 アトリ科 ゴシキヒワ属,12cm,,0,0,0,0,0,その他,迷鳥,5,,,,,Carduelis carduelis,
135,シメ,スズメ目 アトリ科 シメ属,18cm,,1,1,1,1,0,その他,冬鳥,2,,,,,Coccothraustes coccothraustes,
136,ハギマシコ,スズメ目 アトリ科 ハギマシコ属,16cm,,1,1,1,1,0,その他,冬鳥,2,,,,,Leucosticte arctoa,
137,マヒワ,スズメ目 アトリ科 ヒワ属,12.5cm,,1,1,1,1,1,その他,冬鳥,2,,,,,Carduelis spinus,
138,ベニマシコ,スズメ目 アトリ科 ベニマシコ属,15cm,,1,1,1,1,0,その他,冬鳥,1,,,,,Uragus sibiricus,
139,コベニヒワ,スズメ目 アトリ科 マヒワ属,12cm,,1,1,1,1,1,その他,冬鳥,3,,,,,Carduelis hornemanni,
140,ベニヒワ,スズメ目 アトリ科 マヒワ属,13cm,,1,1,1,1,1,その他,冬鳥,2,,,,,Carduelis flammea,
141,サバンナシトド,スズメ目 ホオジロ科,14cm,,0,0,0,0,0,その他,迷鳥,5,,,,,Passerculus sandwichensis,
142,チャキンチョウ,スズメ目 ホオジロ科,16cm,,0,0,0,0,0,その他,迷鳥,5,,,,,Emberiza bruniceps,
143,ミヤマシトド,スズメ目 ホオジロ科,15cm,,0,0,0,0,0,その他,迷鳥,5,,,,,Zonotrichia leucophrys,
144,ユキヒメドリ,スズメ目 アメリカスズメ科 ユキヒメドリ属,15cm,,0,0,0,0,0,その他,迷鳥,5,,,,,Junco hyemalis,
145,ウィルソンアメリカムシクイ,スズメ目 アメリカムシクイ科,12cm,,0,0,0,0,0,ムシクイ,迷鳥,5,,,,,Cardellina pusilla,
146,キヅタアメリカムシクイ,スズメ目 アメリカムシクイ科,14cm,,0,0,0,0,0,ムシクイ,迷鳥,5,,,,,Setophaga coronata,
147,イワヒバリ,スズメ目 イワヒバリ科 イワヒバリ属,18cm,,0,1,0,0,0,その他,留鳥,3,,,,,Prunella collaris,
148,ヤマヒバリ,スズメ目 イワヒバリ科 イワヒバリ属,17cm,,1,1,1,1,1,その他,冬鳥,3,,,,,Prunella montanella,
149,カヤクグリ,スズメ目 イワヒバリ科 カヤクグリ属,14cm,,1,1,1,1,0,その他,留鳥,2,,,,,Prunella rubida,
150,ニシマキバドリ,スズメ目 イワヒバリ科 マキバドリ属,15cm,,0,0,0,0,0,その他,迷鳥,5,,,,,Sturnella neglecta,
151,ムネアカマキバドリ,スズメ目 イワヒバリ科 マキバドリ属,15cm,,0,0,0,0,0,その他,迷鳥,5,,,,,Leistes militaris,
152,ウグイス,スズメ目 ウグイス科 ウグイス属,15.5cm,,1,1,1,1,1,ムシクイ,留鳥,1,,,,,Cettia diphone,
153,ヤブサメ,スズメ目 ウグイス科 ヤブサメ属,10.5cm,,1,1,1,1,1,ムシクイ,夏鳥,1,,,,,Urosphena squameiceps,
154,オオヨシキリ,スズメ目 ヨシキリ科,18.5cm,,1,1,1,1,0,ムシクイ,夏鳥,1,,,,,Acrocephalus orientalis,
155,エナガ ,スズメ目 エナガ科 エナガ属,14cm,,0,1,0,0,0,カラ類,留鳥,1,,,,,Aegithalos caudatus,
156,マミハウチワドリ,スズメ目 オウギビタキ科 オウギビタキ属,17cm,,0,0,0,0,0,ヒタキ,迷鳥,5,,,,,Rhipidura rufifrons,
157,カンムリオウチュウ,スズメ目 オウチュウ科,37cm,,0,0,0,0,0,その他,迷鳥,5,,,,,Dicrurus hottentottus,
158,ハイイロオウチュウ,スズメ目 オウチュウ科,24-29cm,,0,0,0,0,0,その他,迷鳥,5,,,,,Dicrurus leucophaeus,
159,オウチュウ,スズメ目 オウチュウ科 オウチュウ属,29cm,,0,0,0,0,0,その他,迷鳥,5,,,,,Dicrurus macrocercus,
160,クロエリヒタキ,スズメ目 カササギヒタキ科,15-17.5cm,,0,0,0,0,0,その他,迷鳥,5,,,,,Hypothymis azurea,
161,カササギヒタキ,スズメ目 カササギヒタキ科 カササギヒタキ属,20cm,,0,0,0,0,0,その他,迷鳥,5,,,,,Terpsiphone paradisi,
162,コクマルガラス,スズメ目 カラス科,33cm,,1,1,1,1,1,カラス類,冬鳥,3,,,,,Corvus dauuricus,
163,ニシコクマルガラス,スズメ目 カラス科,33cm,,0,0,0,0,0,カラス類,迷鳥,5,,,,,Corvus monedula,
164,ルリカケス,スズメ目 カラス科,38cm,天然記念物 絶滅危惧IA類(CR) (奄美大島固有種),0,0,0,0,1,カラス類,留鳥,4,,,,,Garrulus lidthi,
165,オオルリチョウ,スズメ目 カラス科 オオルリチョウ属,32cm,,0,0,0,0,0,その他,迷鳥,5,,,,,Myophonus caeruleus,
166,オナガ,スズメ目 カラス科 オナガ属,37cm,,0,1,0,0,0,カラス類,留鳥,2,,,,,Cyanopica cyanus,
167,カケス,スズメ目 カラス科 カケス属,33cm,,1,1,1,1,1,カラス類,留鳥,1,,,,,Garrulus glandarius,
168,カササギ,スズメ目 カラス科 カササギ属,45cm,天然記念物,1,1,1,1,0,カラス類,留鳥,2,,,,,Pica pica,
169,ハシブトガラス,スズメ目 カラス科 カラス属,56.5cm,,1,1,1,1,1,カラス類,留鳥,1,,,,,Corvus macrorhynchos,
170,ハシボソガラス,スズメ目 カラス科 カラス属,50cm,,1,1,1,1,1,カラス類,留鳥,1,,,,,Corvus corone,
171,ミヤマガラス,スズメ目 カラス科 カラス属,47cm,,1,1,1,1,0,カラス類,冬鳥,2,,,,,Corvus frugilegus,
172,ワタリガラス,スズメ目 カラス科 カラス属,63cm,,1,1,0,0,0,カラス類,冬鳥,3,,,,,Corvus corax,
173,ホシガラス,スズメ目 カラス科 ホシガラス属,35cm,,1,1,1,1,0,カラス類,留鳥,2,,,,,Nucifraga caryocatactes,
174,カワガラス,スズメ目 カワガラス科 カワガラス属,22cm,,1,1,1,1,1,その他,留鳥,1,,,,,Cinclus pallasii,
175,キクイタダキ,スズメ目 キクイタダキ科 キクイタダキ属,10cm,,1,1,1,1,0,その他,留鳥,2,,,,,Regulus regulus,
176,マミジロキクイタダキ,スズメ目 キクイタダキ科 キクイタダキ属,10cm,,0,0,0,0,0,その他,迷鳥,5,,,,,Regulus ignicapilla,
177,キバシリ,スズメ目 キバシリ科 キバシリ属,13.5cm,,1,1,1,1,0,キツツキ,留鳥,2,,,,,Certhia familiaris,
178,コウライウグイス,スズメ目 コウライウグイス科 コウライウグイス属,26cm,,0,0,0,0,0,その他,迷鳥,5,,,,,Oriolus chinensis,
179,ゴジュウカラ,スズメ目 ゴジュウカラ科 ゴジュウカラ属,14cm,,1,1,1,1,0,カラ類,留鳥,2,,,,,Sitta europaea,
180,サンコウチョウ,スズメ目 カササギヒタキ科,45cm,IUCN(NT),0,1,1,1,1,その他,夏鳥,3,,,,,Terpsiphone atrocaudata,
181,アサクラサンショウクイ,スズメ目 サンショウクイ科,18-21cm,,0,0,0,0,1,その他,留鳥,3,,,,,Coracina melaschistos,
182,サンショウクイ,スズメ目 サンショウクイ科 サンショウクイ属,20cm,,1,1,1,1,1,その他,夏鳥,1,,,,,Pericrocotus divaricatus,
183,ヒイロサンショウクイ,スズメ目 サンショウクイ科 サンショウクイ属,20cm,,0,0,0,0,0,その他,迷鳥,5,,,,,Pericrocotus flammeus,
184,リュウキュウサンショウクイ,スズメ目 サンショウクイ科 サンショウクイ属,20cm,,0,0,0,1,1,その他,留鳥,2,,,,,Pericrocotus tegimae,
185,ルリガラ,スズメ目 シジュウカラ科 アオガラ属,12cm,,0,0,0,0,0,カラ類,迷鳥,5,,,,,Cyanistes cyanus,
186,キバラガラ,スズメ目 シジュウカラ科 キバラガラ属,13cm,,0,0,0,0,0,カラ類,迷鳥,5,,,,,Periparus venustulus,
187,コガラ,スズメ目 シジュウカラ科 コガラ属,13cm,,1,1,1,1,0,カラ類,留鳥,1,,,,,Poecile montanus,
188,ハシブトガラ,スズメ目 シジュウカラ科 コガラ属,12.5cm,,1,0,0,0,0,カラ類,留鳥,2,,,,,Poecile palustris,
189,シジュウカラ,スズメ目 シジュウカラ科 シジュウカラ属,14.5cm,,1,1,1,1,1,カラ類,留鳥,1,,,,,Parus minor,
190,ヒガラ,スズメ目 シジュウカラ科 シジュウカラ属,11cm,,1,1,1,1,1,カラ類,留鳥,1,,,,,Periparus ater,
191,ヤマガラ,スズメ目 シジュウカラ科 シジュウカラ属,14cm,,1,1,1,1,1,カラ類,留鳥,1,,,,,Poecile varius,
192,イエスズメ,スズメ目 スズメ科,15cm,外来種,0,0,0,0,0,その他,迷鳥,5,,,,,Passer domesticus,
193,スズメ,スズメ目 スズメ科 スズメ属,14.5cm,,1,1,1,1,1,その他,留鳥,1,,,,,Passer montanus,
194,ニュウナイスズメ,スズメ目 スズメ科 スズメ属,14cm,,1,1,1,1,0,その他,夏鳥,2,,,,,Passer rutilans,
195,ユキスズメ,スズメ目 スズメ科 ユキスズメ属,16cm,,1,1,1,1,1,その他,冬鳥,4,,,,,Montifringilla nivalis,
196,ウスベニタヒバリ,スズメ目 セキレイ科,16cm,,0,0,0,0,0,セキレイ,迷鳥,5,,,,,Anthus roseatus,
197,イワミセキレイ,スズメ目 セキレイ科 セキレイ属,19cm,,0,0,0,0,0,セキレイ,迷鳥,5,,,,,Dendronanthus indicus,
198,キガシラセキレイ,スズメ目 セキレイ科 セキレイ属,18cm,,1,1,1,1,1,セキレイ,冬鳥,4,,,,,Motacilla citreola,
199,キセキレイ,スズメ目 セキレイ科 セキレイ属,20cm,,1,1,1,1,1,セキレイ,留鳥,1,,,,,Motacilla cinerea,
200,セグロセキレイ,スズメ目 セキレイ科 セキレイ属,21cm,,1,1,1,1,1,セキレイ,留鳥,1,,,,,Motacilla grandis,
201,ツメナガセキレイ,スズメ目 セキレイ科 セキレイ属,16.5cm,,1,1,1,1,1,セキレイ,旅鳥,2,,,,,Motacilla flava,
202,ハクセキレイ,スズメ目 セキレイ科 セキレイ属,21cm,,1,1,1,1,1,セキレイ,留鳥,1,,,,,Motacilla alba,
203,コマミジロタヒバリ,スズメ目 セキレイ科 タヒバリ属,15cm,,1,1,1,1,1,その他,冬鳥,4,,,,,Anthus godlewskii,
204,サメイロタヒバリ,スズメ目 セキレイ科 タヒバリ属,15cm,,0,0,0,0,0,その他,迷鳥,5,,,,,Anthus campestris,
205,セジロタヒバリ,スズメ目 セキレイ科 タヒバリ属,18cm,,0,0,0,0,0,その他,迷鳥,5,,,,,Anthus gustavi,
206,タヒバリ,スズメ目 セキレイ科 タヒバリ属,16cm,,1,1,1,1,1,セキレイ,冬鳥,1,,,,,Anthus rubescens,
207,ビンズイ,スズメ目 セキレイ科 タヒバリ属,15cm,,1,1,1,1,1,その他,冬鳥,2,,,,,Anthus hodgsoni,
208,マキバタヒバリ,スズメ目 セキレイ科 タヒバリ属,15cm,,0,0,0,0,0,その他,迷鳥,5,,,,,Anthus pratensis,
209,マミジロタヒバリ,スズメ目 セキレイ科 タヒバリ属,17cm,,1,1,1,1,1,その他,冬鳥,3,,,,,Anthus richardi,
210,ムネアカタヒバリ,スズメ目 セキレイ科 タヒバリ属,17cm,,1,1,1,1,1,その他,冬鳥,3,,,,,Anthus cervinus,
211,ヨーロッパビンズイ,スズメ目 セキレイ科 タヒバリ属,15cm,,0,0,0,0,0,その他,迷鳥,5,,,,,Anthus trivialis,
212,セッカ,スズメ目 セッカ科 セッカ属,12.5cm,,0,1,1,1,1,ムシクイ,留鳥,1,,,,,Cisticola juncidis,
213,シベリアセンニュウ,スズメ目 ヨシキリ科,13cm,,1,1,0,0,1,その他,旅鳥,4,,,,,Locustella certhiola,
214,オオセッカ,スズメ目 センニュウ科 オオセッカ属,18cm,IUCN(VU),1,1,0,0,0,ムシクイ,夏鳥,3,,,,,Locustella pryeri,
215,マキノセンニュウ,スズメ目 センニュウ科 オオセッカ属,17cm,,1,1,0,0,0,ムシクイ,夏鳥,3,,,,,Locustella lanceolata,
216,ウチヤマセンニュウ,スズメ目 センニュウ科 センニュウ属,14cm,IUCN(NT),0,0,0,0,1,ムシクイ,留鳥,3,,,,,Locustella pleskei,
217,エゾセンニュウ,スズメ目 センニュウ科 センニュウ属,15.5cm,,1,1,1,1,1,ムシクイ,夏鳥,2,,,,,Locustella fasciolata,
218,シマセンニュウ,スズメ目 センニュウ科 センニュウ属,13.5cm,,1,1,0,0,1,ムシクイ,夏鳥,2,,,,,Locustella ochotensis,
219,カラフトムジセッカ,スズメ目 ムシクイ科,12cm,,0,0,0,0,0,ムシクイ,迷鳥,5,,,,,Phylloscopus schwarzi,
220,ダルマエナガ,スズメ目 ダルマエナガ科 ダルマエナガ属,10cm,,0,0,0,1,0,カラ類,留鳥,3,,,,,Paradoxornis webbianus,
221,クロウタドリ,スズメ目 ヒタキ科,25cm,,0,0,0,0,0,その他,迷鳥,5,,,,,Turdus merula,
222,アカコッコ,スズメ目 ヒタキ科,23cm,天然記念物;IUCN(VU),0,0,0,0,1,その他,留鳥,3,,,,,Turdus celaenops,
223,アカハラ,スズメ目 ヒタキ科,24cm,,1,1,1,1,1,その他,夏鳥,1,,,,,Turdus chrysolaus,
224,ウタツグミ,スズメ目 ツグミ科 ツグミ属,23cm,,0,0,0,0,0,その他,迷鳥,5,,,,,Turdus philomelos,
225,クロツグミ,スズメ目 ヒタキ科,22cm,,1,1,1,1,0,その他,夏鳥,2,,,,,Turdus cardis,
226,シロハラ,スズメ目 ヒタキ科,25cm,,1,1,1,1,1,その他,冬鳥,1,,,,,Turdus pallidus,
227,ツグミ,スズメ目 ヒタキ科,24cm,,1,1,1,1,1,その他,冬鳥,1,,,,,Turdus naumanni,
228,ノドグロツグミ,スズメ目 ヒタキ科,25cm,,0,0,0,0,0,その他,迷鳥,5,,,,,Turdus ruficollis,
229,ノハラツグミ,スズメ目 ヒタキ科,26cm,,0,0,0,0,0,その他,迷鳥,5,,,,,Turdus pilaris,
230,マミチャジナイ,スズメ目 ヒタキ科,22cm,,1,1,1,1,1,その他,旅鳥,2,,,,,Turdus obscurus,
231,ヤドリギツグミ,スズメ目 ヒタキ科,27cm,,0,0,0,0,0,その他,迷鳥,5,,,,,Turdus viscivorus,
232,ワキアカツグミ,スズメ目 ヒタキ科,25cm,,0,0,0,0,0,その他,迷鳥,5,,,,,Turdus iliacus,
233,トラツグミ,スズメ目 ヒタキ科,30cm,,1,1,1,1,1,その他,留鳥,1,,,,,Zoothera dauma,
234,モリツグミ,スズメ目 ツグミ科 モリツグミ属,25cm,,0,0,0,0,0,その他,迷鳥,5,,,,,Hylocichla mustelina,
235,タイワンショウドウツバメ,スズメ目 ツバメ科,12cm,,0,0,0,0,0,ツバメ類,迷鳥,5,,,,,Riparia paludicola,
236,ミドリツバメ,スズメ目 ツバメ科,12cm,,0,0,0,0,0,ツバメ類,迷鳥,5,,,,,Tachycineta bicolor,
237,イワツバメ,スズメ目 ツバメ科 イワツバメ属,14cm,,1,1,1,1,0,ツバメ類,夏鳥,1,,,,,Delichon dasypus,
238,ニシイワツバメ,スズメ目 ツバメ科 イワツバメ属,14cm,,0,0,0,0,0,ツバメ類,迷鳥,5,,,,,Delichon urbicum,
239,ショウドウツバメ,スズメ目 ツバメ科 ショウドウツバメ属,13cm,,1,1,1,1,0,ツバメ類,夏鳥,2,,,,,Riparia riparia,
240,コシアカツバメ,スズメ目 ツバメ科 ツバメ属,18cm,,1,1,1,1,0,ツバメ類,夏鳥,1,,,,,Hirundo daurica,
241,ツバメ,スズメ目 ツバメ科 ツバメ属,17cm,,1,1,1,1,0,ツバメ類,夏鳥,1,,,,,Hirundo rustica,
242,リュウキュウツバメ,スズメ目 ツバメ科 ツバメ属,13cm,,0,0,0,1,1,ツバメ類,留鳥,2,,,,,Hirundo tahitica,
243,ツメナガホオジロ,スズメ目 ツメナガホオジロ科,16cm,,1,1,1,1,1,その他,冬鳥,3,,,,,Calcarius lapponicus,
244,ツリスガラ,スズメ目 ツリスガラ科,11cm,,1,1,1,1,1,その他,冬鳥,3,,,,,Remiz pendulinus,
245,ヒゲガラ,スズメ目 ヒゲガラ科,16.5cm,,0,0,0,0,0,その他,迷鳥,5,,,,,Panurus biarmicus,
246,イソヒヨドリ,スズメ目 ヒタキ科,23cm,,1,1,1,1,1,その他,留鳥/漂鳥,1,,,,,Monticola solitarius,
247,オジロビタキ,スズメ目 ヒタキ科,11-12cm,,1,1,1,1,1,その他,冬鳥,3,,,,,Ficedula albicilla,
248,カラアカハラ,スズメ目 ヒタキ科,22cm,,1,1,0,0,1,その他,旅鳥,4,,,,,Turdus hortulorum,
249,クロノビタキ,スズメ目 ヒタキ科,13cm,,0,0,0,0,0,その他,迷鳥,5,,,,,Saxicola caprata,
250,チャバラオオルリ,スズメ目 ヒタキ科,16cm,,0,0,0,0,0,その他,迷鳥,5,,,,,Niltava vivida,
251,ハイイロチャツグミ,スズメ目 ヒタキ科,20-25cm,,0,0,0,0,0,その他,迷鳥,5,,,,,Catharus minimus,
252,マダラヒタキ,スズメ目 ヒタキ科,13cm,,0,0,0,0,0,ヒタキ,迷鳥,5,,,,,Ficedula hypoleuca,
253,マミジロ,スズメ目 ヒタキ科,24cm,,1,1,1,1,1,その他,夏鳥/旅鳥,3,,,,,Zoothera sibirica,
254,マミジロノビタキ,スズメ目 ヒタキ科,14cm,,0,0,0,0,0,ヒタキ,迷鳥,5,,,,,Saxicola rubetra,
255,ミヤマヒタキ,スズメ目 ヒタキ科,13cm,,1,1,1,1,1,ヒタキ,冬鳥,4,,,,,Muscicapa ferruginea,
256,ムナフヒタキ,スズメ目 ヒタキ科,12cm,,0,0,0,0,0,ヒタキ,迷鳥,5,,,,,Muscicapa striata,
257,ヤマザキヒタキ,スズメ目 ヒタキ科,14cm,,0,0,0,0,0,ヒタキ,迷鳥,5,,,,,Saxicola ferreus,
258,ロクショウヒタキ,スズメ目 ヒタキ科,16cm,,0,0,0,0,0,ヒタキ,迷鳥,5,,,,,Eumyias thalassinus,
259,アカヒゲ,スズメ目 ヒタキ科 アカヒゲ属,14cm,天然記念物;IUCN(EN),0,0,0,0,1,ヒタキ,留鳥,4,,,,,Luscinia komadori,
260,オオルリ,スズメ目 ヒタキ科 オオルリ属,16.5cm,,1,1,1,1,0,ヒタキ,夏鳥,1,,,,,Cyanoptila cyanomelana,
261,キビタキ,スズメ目 ヒタキ科 キビタキ属,14cm,,1,1,1,1,0,ヒタキ,夏鳥,1,,,,,Ficedula narcissina,
262,マミジロキビタキ,スズメ目 ヒタキ科 キビタキ属,13.5cm,,1,1,1,1,1,ヒタキ,夏鳥,4,,,,,Ficedula zanthopygia,
263,オガワコマドリ,スズメ目 ヒタキ科 コマドリ属,15cm,,0,0,0,0,0,ヒタキ,迷鳥,5,,,,,Luscinia svecica,
264,コマドリ,スズメ目 ヒタキ科 コマドリ属,14cm,,1,1,1,1,1,ヒタキ,夏鳥,2,,,,,Luscinia akahige,
265,コルリ,スズメ目 ヒタキ科 コマドリ属,14cm,,1,1,1,1,0,ヒタキ,夏鳥,3,,,,,Luscinia cyane,
266,ノドジロコマドリ,スズメ目 ヒタキ科 コマドリ属,15cm,,0,0,0,0,0,ヒタキ,迷鳥,5,,,,,Irania gutturalis,
267,イナバヒタキ,スズメ目 ヒタキ科 サバクヒタキ属,15cm,,0,0,0,0,0,ヒタキ,迷鳥,5,,,,,Oenanthe isabellina,
268,サバクヒタキ,スズメ目 ヒタキ科 サバクヒタキ属,15cm,,0,0,0,0,0,ヒタキ,迷鳥,5,,,,,Oenanthe deserti,
269,シロガシラサバクヒタキ,スズメ目 ヒタキ科 サバクヒタキ属,15cm,,0,0,0,0,0,ヒタキ,迷鳥,5,,,,,Oenanthe leucopyga,
270,セグロサバクヒタキ,スズメ目 ヒタキ科 サバクヒタキ属,15cm,,0,0,0,0,0,ヒタキ,迷鳥,5,,,,,Oenanthe pleschanka,
271,チャガシラサバクヒタキ,スズメ目 ヒタキ科 サバクヒタキ属,15cm,,0,0,0,0,0,ヒタキ,迷鳥,5,,,,,Oenanthe pileata,
272,ハシグロヒタキ,スズメ目 ヒタキ科 サバクヒタキ属,15cm,,0,0,0,0,0,ヒタキ,迷鳥,5,,,,,Oenanthe oenanthe,
273,エゾビタキ,スズメ目 ヒタキ科 サメビタキ属,15cm,,1,1,1,1,1,ヒタキ,旅鳥,2,,,,,Muscicapa griseisticta,
274,コサメビタキ,スズメ目 ヒタキ科 サメビタキ属,13cm,,1,1,1,1,0,ヒタキ,夏鳥,1,,,,,Muscicapa dauurica,
275,サメビタキ,スズメ目 ヒタキ科 サメビタキ属,14.5cm,,1,1,1,1,0,ヒタキ,夏鳥,2,,,,,Muscicapa sibirica,
276,シキチョウ,スズメ目 ヒタキ科 シキチョウ属,20cm,,0,0,0,0,0,その他,迷鳥,5,,,,,Copsychus saularis,
277,クロジョウビタキ,スズメ目 ヒタキ科 ジョウビタキ属,14cm,,0,0,0,0,0,ヒタキ,迷鳥,5,,,,,Phoenicurus ochruros,
278,ジョウビタキ,スズメ目 ヒタキ科 ジョウビタキ属,14cm,,1,1,1,1,1,ヒタキ,冬鳥,1,,,,,Phoenicurus auroreus,
279,シロビタイジョウビタキ,スズメ目 ヒタキ科 ジョウビタキ属,15cm,,0,0,0,0,0,ヒタキ,迷鳥,5,,,,,Phoenicurus phoenicurus,
280,セアカジョウビタキ,スズメ目 ヒタキ科 ジョウビタキ属,15cm,,0,0,0,0,0,ヒタキ,迷鳥,5,,,,,Phoenicurus erythronotus,
281,ルリビタイジョウビタキ,スズメ目 ヒタキ科 ジョウビタキ属,15cm,,0,0,0,0,0,ヒタキ,迷鳥,5,,,,,Phoenicurus frontalis,
282,シマゴマ,スズメ目 ヒタキ科,14cm,,1,1,1,1,1,ヒタキ,旅鳥,4,,,,,Luscinia sibilans,
283,ノゴマ,スズメ目 ヒタキ科 ノゴマ属,15cm,,1,1,1,1,1,ヒタキ,夏鳥,2,,,,,Luscinia calliope,
284,ノビタキ,スズメ目 ヒタキ科 ノビタキ属,13cm,,1,1,1,1,1,ヒタキ,夏鳥,1,,,,,Saxicola torquatus,
285,ムギマキ,スズメ目 ヒタキ科 ヒタキ属,13cm,,1,1,1,1,1,ヒタキ,旅鳥,3,,,,,Ficedula mugimaki,
286,ルリビタキ,スズメ目 ヒタキ科 ヒタキ属,14cm,,1,1,1,1,1,ヒタキ,冬鳥,2,,,,,Tarsiger cyanurus,
287,ヒメイソヒヨ,スズメ目 ヒタキ科 ヒメイソヒヨドリ属,19cm,,0,0,0,0,0,その他,迷鳥,5,,,,,Monticola gularis,
288,ヨーロッパコマドリ,スズメ目 ヒタキ科 ヨーロッパコマドリ属,14cm,,0,0,0,0,0,ヒタキ,迷鳥,5,,,,,Erithacus rubecula,
289,クビワコウテンシ,スズメ目 ヒバリ科,17cm,,0,0,0,0,0,その他,迷鳥,5,,,,,Melanocorypha bimaculata,
290,コヒバリ,スズメ目 ヒバリ科,14cm,,1,1,1,1,1,その他,冬鳥,4,,,,,Calandrella cheleensis,
291,ハマヒバリ,スズメ目 ヒバリ科,17cm,,1,1,1,1,1,その他,冬鳥,4,,,,,Eremophila alpestris,
292,モンゴルヒバリ,スズメ目 ヒバリ科 コウテンシ属,15cm,,0,0,0,0,0,その他,迷鳥,5,,,,,Melanocorypha mongolica,
293,ヒバリ,スズメ目 ヒバリ科 ヒバリ属,17cm,,1,1,1,1,1,その他,留鳥,1,,,,,Alauda arvensis,
294,ヒメコウテンシ,スズメ目 ヒバリ科 ヒメコウテンシ属,13cm,,0,0,0,0,0,その他,迷鳥,5,,,,,Calandrella brachydactyla,
295,モリヒバリ,スズメ目 ヒバリ科 モリヒバリ属,18cm,,0,0,0,0,0,その他,迷鳥,5,,,,,Lullula arborea,
296,カヤノボリ,スズメ目 ヒヨドリ科 ,16cm,,0,0,0,0,0,その他,迷鳥,5,,,,,Spizixos semitorques,
297,ヒヨドリ,スズメ目 ヒヨドリ科 ヒヨドリ属,27.5cm,,1,1,1,1,1,その他,留鳥,1,,,,,Hypsipetes amaurotis,
298,ユキホオジロ,スズメ目 ツメナガホオジロ科,17cm,,1,1,1,1,0,その他,冬鳥,3,,,,,Plectrophenax nivalis,
299,イワバホオジロ,スズメ目 ホオジロ科,16cm,,0,0,0,0,0,その他,迷鳥,5,,,,,Emberiza buchanani,
300,ウタスズメ,スズメ目 ホオジロ科,15cm,,0,0,0,0,0,その他,迷鳥,5,,,,,Melospiza melodia,
301,キマユホオジロ,スズメ目 ホオジロ科,15cm,,1,1,1,1,1,その他,冬鳥,3,,,,,Emberiza chrysophrys,
302,クロジ,スズメ目 ホオジロ科,17cm,,1,1,1,1,1,その他,夏鳥/冬鳥,1,,,,,Emberiza variabilis,
303,コジュリン,スズメ目 ホオジロ科,15cm,準絶滅危惧(NT),1,1,0,0,0,その他,夏鳥,3,,,,,Emberiza yessoensis,
304,ゴマフスズメ,スズメ目 ホオジロ科,13cm,,0,0,0,0,0,その他,迷鳥,5,,,,,Passerella iliaca,
305,シロハラホオジロ,スズメ目 ホオジロ科,16cm,,1,1,1,1,1,その他,冬鳥,2,,,,,Emberiza tristrami,
306,ズアオホオジロ,スズメ目 ホオジロ科,17cm,,1,1,1,1,1,その他,冬鳥,4,,,,,Emberiza hortulana,
307,ズグロチャキンチョウ,スズメ目 ホオジロ科,14cm,,0,0,0,0,0,その他,迷鳥,5,,,,,Emberiza melanocephala,
308,ノジコ,スズメ目 ホオジロ科,14cm,絶滅危惧II類(VU),0,1,0,0,0,その他,夏鳥,3,,,,,Emberiza sulphurata,
309,レンジャクノジコ,スズメ目 ホオジロ科,15cm,,0,0,0,0,0,その他,迷鳥,5,,,,,Emberiza lathami,
310,キガシラシトド,スズメ目 ホオジロ科 ウタスズメ属,17cm,,0,0,0,0,0,その他,迷鳥,5,,,,,Zonotrichia atricapilla,
311,アオジ,スズメ目 ホオジロ科 ホオジロ属,16cm,,1,1,1,1,1,その他,夏鳥,1,,,,,Emberiza spodocephala,
312,オオジュリン,スズメ目 ホオジロ科 ホオジロ属,16cm,,1,1,1,1,1,その他,留鳥,2,,,,,Emberiza schoeniclus,
313,カシラダカ,スズメ目 ホオジロ科 ホオジロ属,15cm,IUCN(VU),1,1,1,1,1,その他,冬鳥,1,,,,,Emberiza rustica,
314,キアオジ,スズメ目 ホオジロ科 ホオジロ属,15cm,,1,1,1,1,1,その他,旅鳥,3,,,,,Emberiza citrinella,
315,コホオアカ,スズメ目 ホオジロ科 ホオジロ属,15cm,,1,1,1,1,0,その他,冬鳥,3,,,,,Emberiza pusilla,
316,シベリアアオジ,スズメ目 ホオジロ科 ホオジロ属,15cm,,1,1,1,1,1,その他,冬鳥,4,,,,,Emberiza spodocephala spodocephala ,
317,シベリアジュリン,スズメ目 ホオジロ科 ホオジロ属,14cm,,1,1,1,1,0,その他,冬鳥,4,,,,,Emberiza pallasi,
318,シマアオジ,スズメ目 ホオジロ科 ホオジロ属,15cm,IUCN(CR),1,1,1,1,0,その他,夏鳥,5,,,,,Emberiza aureola,
319,シマノジコ,スズメ目 ホオジロ科 ホオジロ属,14cm,IUCN(EN),1,1,1,1,0,その他,夏鳥,4,,,,,Emberiza rutila,
320,シラガホオジロ,スズメ目 ホオジロ科 ホオジロ属,17cm,,1,1,1,1,1,その他,冬鳥,4,,,,,Emberiza leucocephalos,
321,ホオアカ,スズメ目 ホオジロ科 ホオジロ属,16cm,,1,1,1,1,1,その他,夏鳥,2,,,,,Emberiza fucata,
322,ホオジロ,スズメ目 ホオジロ科 ホオジロ属,16.5cm,,1,1,1,1,1,その他,留鳥,1,,,,,Emberiza cioides,
323,ミヤマホオジロ,スズメ目 ホオジロ科 ホオジロ属,16cm,,1,1,1,1,1,その他,冬鳥,2,,,,,Emberiza elegans,
324,ミソサザイ,スズメ目 ミソサザイ科 ミソサザイ属,11cm,,1,1,1,1,1,その他,留鳥,1,,,,,Troglodytes troglodytes,
325,テリカラスモドキ,スズメ目 ムクドリ科 カラスモドキ属,20cm,,0,0,0,0,0,その他,迷鳥,5,,,,,Aplonis panayensis,
326,カラムクドリ,スズメ目 ムクドリ科 カラムクドリ属,23cm,,0,0,0,0,0,その他,迷鳥,5,,,,,Sturnia sinensis,
327,コムクドリ,スズメ目 ムクドリ科 コムクドリ属,19cm,,1,1,1,1,0,その他,夏鳥,2,,,,,Agropsar philippensis,
328,バライロムクドリ,スズメ目 ムクドリ科 バライロムクドリ属,21cm,,0,0,0,0,0,その他,迷鳥,5,,,,,Pastor roseus,
329,ギンムクドリ,スズメ目 ムクドリ科 ムクドリ属,24cm,,1,1,1,1,0,その他,冬鳥,3,,,,,Spodiopsar sericeus,
330,シベリアムクドリ,スズメ目 ムクドリ科 ムクドリ属,21cm,,0,0,0,0,0,その他,迷鳥,5,,,,,Agropsar sturninus,
331,ホシムクドリ,スズメ目 ムクドリ科 ムクドリ属,21cm,,1,1,1,1,0,その他,冬鳥,3,,,,,Sturnus vulgaris,
332,ムクドリ,スズメ目 ムクドリ科 ムクドリ属,24cm,,1,1,1,1,1,その他,留鳥,1,,,,,Spodiopsar cineraceus,
333,キタヤナギムシクイ,スズメ目 ムシクイ科,11.5cm,,0,0,0,0,0,ムシクイ,迷鳥,5,,,,,Phylloscopus trochilus,
334,キバラムシクイ,スズメ目 ムシクイ科,11cm,,0,0,0,0,0,ムシクイ,迷鳥,5,,,,,Phylloscopus affinis,
335,キマユムシクイ,スズメ目 ムシクイ科,10cm,,1,1,1,1,1,ムシクイ,旅鳥/冬鳥,3,,,,,Phylloscopus inornatus,
336,コムシクイ,スズメ目 ムシクイ科,10cm,,1,1,1,1,1,ムシクイ,旅鳥,4,,,,,Phylloscopus borealis,
337,チフチャフ,スズメ目 ムシクイ科,11cm,,0,0,0,0,0,ムシクイ,迷鳥,5,,,,,Phylloscopus collybita,
338,ムジセッカ,スズメ目 ムシクイ科,10.5cm,,1,1,1,1,1,ムシクイ,旅鳥,4,,,,,Phylloscopus fuscatus,
339,ヤナギムシクイ,スズメ目 ムシクイ科,13cm,,0,0,0,0,0,ムシクイ,迷鳥,5,,,,,Phylloscopus plumbeitarsus,
340,イイジマムシクイ,スズメ目 ムシクイ科 ムシクイ属,11.5cm,IUCN(NT),0,0,0,0,1,ムシクイ,留鳥,3,,,,,Phylloscopus ijimae,
341,バフマユムシクイ,スズメ目 ムシクイ科 ムシクイ属,11cm,,1,1,1,1,1,ムシクイ,旅鳥,4,,,,,Phylloscopus humei,
342,オオムシクイ,スズメ目 ムシクイ科 ムシクイ属,13cm,,1,0,0,0,0,ムシクイ,夏鳥,2,,,,,Phylloscopus examinandus,
343,カラフトムシクイ,スズメ目 ムシクイ科 ムシクイ属,11cm,,1,1,1,1,1,ムシクイ,旅鳥,4,,,,,Phylloscopus proregulus,
344,コノドジロムシクイ,スズメ目 ズグロムシクイ科,13cm,,0,0,0,0,0,ムシクイ,迷鳥,5,,,,,Sylvia curruca,
345,モリムシクイ,スズメ目 ムシクイ科 ムシクイ属,13cm,,0,0,0,0,0,ムシクイ,迷鳥,5,,,,,Phylloscopus sibilatrix,
346,エゾムシクイ,スズメ目 ムシクイ科 メボソムシクイ属,12.5cm,,1,0,0,0,0,ムシクイ,夏鳥,3,,,,,Phylloscopus borealoides,
347,センダイムシクイ,スズメ目 ムシクイ科 メボソムシクイ属,12.5cm,,1,1,1,1,0,ムシクイ,夏鳥,2,,,,,Phylloscopus coronatus,
348,メボソムシクイ,スズメ目 ムシクイ科 メボソムシクイ属,12.5cm,,1,1,1,1,0,ムシクイ,夏鳥,2,,,,,Phylloscopus xanthodryas,
349,チョウセンメジロ,スズメ目 メジロ科,12cm,,0,0,0,0,0,その他,迷鳥,5,,,,,Zosterops erythropleurus,
350,メグロ,スズメ目 メジロ科 メグロ属,14cm,特別天然記念物;希少野生動植物種;IUCN(VU),0,0,0,0,1,その他,留鳥,4,,,,,Apalopteron familiare,
351,メジロ,スズメ目 メジロ科 メジロ属,12cm,,1,1,1,1,1,その他,留鳥,1,,,,,Zosterops japonicus,
352,モウコアカモズ,スズメ目 モズ科,18-20cm,,0,0,0,0,0,その他,迷鳥,5,,,,,Lanius isabellinus,
353,アカモズ,スズメ目 モズ科 モズ属,20cm,,1,1,0,1,0,その他,夏鳥,3,,,,,Lanius cristatus,
354,オオカラモズ,スズメ目 モズ科 モズ属,31cm,,0,0,0,0,0,その他,迷鳥,5,,,,,Lanius sphenocercus,
355,オオモズ,スズメ目 モズ科 モズ属,25cm,,1,1,1,1,0,その他,冬鳥,3,,,,,Lanius excubitor,
356,セアカモズ,スズメ目 モズ科 モズ属,18cm,,0,0,0,0,0,その他,迷鳥,5,,,,,Lanius collurio,
357,タカサゴモズ,スズメ目 モズ科 モズ属,25cm,,0,0,0,0,0,その他,迷鳥,5,,,,,Lanius schach,
358,チゴモズ,スズメ目 モズ科 モズ属,18cm,IUCN(EN),1,1,1,1,0,その他,夏鳥,4,,,,,Lanius tigrinus,
359,モズ,スズメ目 モズ科 モズ属,20cm,,1,1,1,1,1,その他,留鳥,1,,,,,Lanius bucephalus,
360,モリツバメ,スズメ目 モリツバメ科,19cm,,0,0,0,0,0,ツバメ類,迷鳥,5,,,,,Artamus leucorynchus,
361,ズグロヤイロチョウ,スズメ目 ヤイロチョウ科,19cm,,0,0,0,0,0,その他,迷鳥,5,,,,,Pitta sordida,
362,ヤイロチョウ,スズメ目 ヤイロチョウ科,20cm,絶滅危惧IB類(EN),0,1,1,1,0,その他,夏鳥,4,,,,,Pitta nympha,
363,イナダヨシキリ,スズメ目 ヨシキリ科,19.5cm,,0,0,0,0,0,その他,迷鳥,5,,,,,Acrocephalus agricola,
364,セスジコヨシキリ,スズメ目 ヨシキリ科,13.5cm,,1,1,1,1,1,その他,旅鳥,4,,,,,Acrocephalus sorghophilus,
365,ハシブトオオヨシキリ,スズメ目 ヨシキリ科,19cm,,0,0,0,0,0,その他,迷鳥,5,,,,,Acrocephalus aedon,
366,ヒメウタイムシクイ,スズメ目 ヨシキリ科,13cm,,0,0,0,0,0,その他,迷鳥,5,,,,,Iduna caligata,
367,ヤブヨシキリ,スズメ目 ヨシキリ科,15.5cm,,0,0,0,0,0,その他,迷鳥,5,,,,,Acrocephalus dumetorum,
368,チュウヨシキリ,スズメ目 ヨシキリ科 ヨシキリ属,18cm,,0,0,0,0,0,ムシクイ,迷鳥,5,,,,,Acrocephalus stentoreus,
369,ニシオオヨシキリ,スズメ目 ヨシキリ科 ヨシキリ属,19cm,,0,0,0,0,0,ムシクイ,迷鳥,5,,,,,Acrocephalus arundinaceus,
370,ヨーロッパヨシキリ,スズメ目 ヨシキリ科 ヨシキリ属,13cm,,0,0,0,0,0,ムシクイ,迷鳥,5,,,,,Acrocephalus scirpaceus,
371,キレンジャク,スズメ目 レンジャク科 レンジャク属,19.5cm,,1,1,1,1,0,その他,冬鳥,2,,,,,Bombycilla garrulus,
372,ヒレンジャク,スズメ目 レンジャク科 レンジャク属,18cm,IUCN(NT),1,1,1,1,1,その他,冬鳥,2,,,,,Bombycilla japonica,
373,コヨシキリ,スズメ目 ヨシキリ科,13.5cm,,1,1,1,1,0,ムシクイ,夏鳥,2,,,,,Acrocephalus bistrigiceps,
374,ウスハイイロチュウヒ,タカ目 タカ科,40-50cm,,1,1,1,1,1,猛禽,冬鳥,4,,,,,Circus macrourus,
375,オオワシ,タカ目 タカ科,85-100cm,天然記念物 絶滅危惧II類(VU),1,1,1,1,1,猛禽,冬鳥,3,,,,,Haliaeetus pelagicus,
376,カタグロトビ,タカ目 タカ科,56cm,,0,0,0,0,0,猛禽,迷鳥,5,,,,,Elanus caeruleus,
377,カタシロワシ,タカ目 タカ科,72-84cm,絶滅危惧IB類(EN),1,1,1,1,1,猛禽,冬鳥,4,,,,,Aquila heliaca,
378,カラフトワシ,タカ目 タカ科,62-74cm,絶滅危惧IA類(CR),0,0,0,0,0,猛禽,迷鳥,5,,,,,Aquila clanga,
379,ハクトウワシ,タカ目 タカ科,71-96cm,,0,0,0,0,0,猛禽,迷鳥,5,,,,,Haliaeetus leucocephalus,
380,マダラチュウヒ,タカ目 タカ科,48-56cm,絶滅危惧IB類(EN),1,1,1,1,1,猛禽,冬鳥,4,,,,,Circus melanoleucos,
381,イヌワシ,タカ目 タカ科 イヌワシ属,85cm,天然記念物;希少野生動植物種,1,1,1,1,0,猛禽,留鳥,4,,,,,Aquila chrysaetos,
382,オジロワシ,タカ目 タカ科 オジロワシ属,90cm,天然記念物;希少野生動植物種,1,1,0,0,0,猛禽,冬鳥,4,,,,,Haliaeetus albicilla,
383,カンムリワシ,タカ目 タカ科 カンムリワシ属,55cm,特別天然記念物;希少野生動植物種;IUCN(NT),0,0,0,0,1,猛禽,留鳥,4,,,,,Spilornis cheela,
384,クマタカ,タカ目 タカ科 クマタカ属,77cm,希少野生動植物種,1,1,1,1,0,猛禽,留鳥,4,,,,,Nisaetus nipalensis,
385,クロハゲワシ,タカ目 タカ科 クロハゲワシ属,105cm,IUCN(NT),1,1,1,1,1,猛禽,冬鳥,5,,,,,Aegypius monachus,
386,サシバ,タカ目 タカ科 サシバ属,49cm,IUCN(NT),0,1,1,1,1,猛禽,夏鳥,2,,,,,Butastur indicus,
387,チュウヒ,タカ目 タカ科 チュウヒ属,53cm,希少野生動植物種,1,1,1,1,0,猛禽,冬鳥,3,,,,,Circus spilonotus,
388,ハイイロチュウヒ,タカ目 タカ科 チュウヒ属,48cm,,1,1,1,1,0,猛禽,冬鳥,3,,,,,Circus cyaneus,
389,ヨーロッパチュウヒ,タカ目 タカ科 チュウヒ属,52cm,,0,0,0,0,0,猛禽,迷鳥,5,,,,,Circus aeruginosus,
390,トビ,タカ目 タカ科 トビ属,63.5cm,,1,1,1,1,1,猛禽,留鳥,1,,,,,Milvus migrans,
391,オオノスリ,タカ目 タカ科 ノスリ属,65cm,,1,1,1,1,1,猛禽,冬鳥,4,,,,,Buteo hemilasius,
392,ケアシノスリ,タカ目 タカ科 ノスリ属,56cm,,1,1,1,1,0,猛禽,冬鳥,3,,,,,Buteo lagopus,
393,ノスリ,タカ目 タカ科 ノスリ属,54cm,,1,1,1,1,1,猛禽,留鳥,1,,,,,Buteo buteo,
394,アカハラダカ,タカ目 タカ科 ハイタカ属,30cm,,1,1,1,1,1,猛禽,旅鳥,3,,,,,Accipiter soloensis,
395,オオタカ,タカ目 タカ科 ハイタカ属,53cm,希少野生動植物種,1,1,1,1,1,猛禽,留鳥,2,,,,,Accipiter gentilis,
396,ツミ,タカ目 タカ科 ハイタカ属,27cm,,1,1,1,1,1,猛禽,夏鳥,2,,,,,Accipiter gularis,
397,ハイタカ,タカ目 タカ科 ハイタカ属,35cm,希少野生動植物種,1,1,1,1,1,猛禽,留鳥,2,,,,,Accipiter nisus,
398,ハチクマ,タカ目 タカ科 ハチクマ属,59cm,,1,1,1,1,0,猛禽,夏鳥,2,,,,,Pernis ptilorhynchus,
399,ヨーロッパハチクマ,タカ目 タカ科 ハチクマ属,56cm,,0,0,0,0,0,猛禽,迷鳥,5,,,,,Pernis apivorus,
400,ヒゲワシ,タカ目 タカ科 ヒゲワシ属,110cm,IUCN(NT),0,0,0,0,0,猛禽,迷鳥,5,,,,,Gypaetus barbatus,
401,ミサゴ,タカ目 ミサゴ科 ミサゴ属,59cm,,1,1,1,1,1,猛禽,留鳥,1,,,,,Pandion haliaetus,
402,ウミオウム,チドリ目 ウミスズメ科,24-26cm,,0,0,0,0,0,海鳥,迷鳥,5,,,,,Aethia psittacula,
403,オオハシウミガラス,チドリ目 ウミスズメ科,39-43cm,,1,1,0,0,0,海鳥,冬鳥,4,,,,,Alca torda,
404,ウトウ,チドリ目 ウミスズメ科 ウトウ属,38cm,,1,1,0,0,1,海鳥,夏鳥,2,,,,,Cerorhinca monocerata,
405,ウミガラス,チドリ目 ウミスズメ科 ウミガラス属,43cm,希少野生動植物種,1,1,0,0,0,海鳥,留鳥,4,,,,,Uria aalge,
406,ハシブトウミガラス,チドリ目 ウミスズメ科 ウミガラス属,43cm,,1,1,0,0,0,海鳥,冬鳥,3,,,,,Uria lomvia,
407,ウミスズメ,チドリ目 ウミスズメ科 ウミスズメ属,26cm,,1,1,1,1,1,海鳥,冬鳥,2,,,,,Synthliboramphus antiquus,
408,カンムリウミスズメ,チドリ目 ウミスズメ科 ウミスズメ属,25cm,希少野生動植物種;IUCN(VU),0,1,1,1,1,海鳥,留鳥,4,,,,,Synthliboramphus wumizusume,
409,コウミスズメ,チドリ目 ウミスズメ科 ウミスズメ属,18cm,,1,1,0,0,0,海鳥,冬鳥,3,,,,,Aethia pusilla,
410,シラヒゲウミスズメ,チドリ目 ウミスズメ科 ウミスズメ属,20cm,,1,0,0,0,0,海鳥,夏鳥,4,,,,,Aethia pygmaea,
411,ウミバト,チドリ目 ウミスズメ科 ウミバト属,34cm,,1,1,0,0,0,海鳥,冬鳥,3,,,,,Cepphus columba,
412,エトピリカ,チドリ目 ウミスズメ科 エトピリカ属,39cm,希少野生動植物種;IUCN(VU),1,0,0,0,0,海鳥,夏鳥,4,,,,,Fratercula cirrhata,
413,エトロフウミスズメ,チドリ目 ウミスズメ科 エトロフウミスズメ属,25cm,,1,1,0,0,0,海鳥,冬鳥,3,,,,,Aethia cristatella,
414,ケイマフリ,チドリ目 ウミスズメ科 ケイマフリ属,37cm,希少野生動植物種;IUCN(VU),1,0,0,0,0,海鳥,留鳥,4,,,,,Cepphus carbo,
415,コオリウミスズメ,チドリ目 ウミスズメ科 コオリウミスズメ属,21cm,,1,1,0,0,0,海鳥,冬鳥,4,,,,,Cepphus grylle,
416,ツノメドリ,チドリ目 ウミスズメ科 ツノメドリ属,39cm,,1,1,0,0,0,海鳥,冬鳥,4,,,,,Fratercula corniculata,
417,ヒメウミスズメ,チドリ目 ウミスズメ科 ヒメウミスズメ属,16cm,,1,1,0,0,0,海鳥,冬鳥,3,,,,,Alle alle,
418,ハシナガウミスズメ,チドリ目 ウミスズメ科 マダラウミスズメ属,26cm,,1,1,1,1,1,海鳥,冬鳥,4,,,,,Brachyramphus marmoratus,
419,マダラウミスズメ,チドリ目 ウミスズメ科 マダラウミスズメ属,25cm,IUCN(EN),1,1,1,1,1,海鳥,冬鳥,4,,,,,Brachyramphus perdix,
420,アメリカズグロカモメ,チドリ目 カモメ科,32-37cm,,0,0,0,0,0,カモメ,迷鳥,5,,,,,Larus pipixcan,
421,オオズグロカモメ,チドリ目 カモメ科,61-78cm,,1,0,0,0,0,カモメ,冬鳥,4,,,,,Larus ichthyaetus,
422,キョクアジサシ,チドリ目 カモメ科,33-36cm,,0,0,0,0,0,アジサシ,迷鳥,5,,,,,Sterna paradisaea,
423,クロアジサシ,チドリ目 カモメ科,35-43cm,,0,0,0,0,1,アジサシ,夏鳥,4,,,,,Anous stolidus,
424,シロアジサシ,チドリ目 カモメ科,28-33cm,,0,0,0,0,1,アジサシ,夏鳥,4,,,,,Gygis alba,
425,セグロアジサシ,チドリ目 カモメ科,35-37cm,,0,0,0,0,1,アジサシ,夏鳥,3,,,,,Sterna fuscata,
426,ナンヨウマミジロアジサシ,チドリ目 カモメ科,30-32cm,,0,0,0,0,0,アジサシ,迷鳥,5,,,,,Sterna lunata,
427,ハイイロアジサシ,チドリ目 カモメ科,28cm,,0,0,0,0,0,アジサシ,迷鳥,5,,,,,Procelsterna cerulea,
428,ハシボソカモメ,チドリ目 カモメ科,38-44cm,,0,0,0,0,0,カモメ,迷鳥,5,,,,,Larus genei,
429,ハジロクロハラアジサシ,チドリ目 カモメ科,22-24cm,,1,1,1,1,1,アジサシ,旅鳥,4,,,,,Chlidonias leucopterus,
430,ヒメカモメ,チドリ目 カモメ科,28-32cm,,0,0,0,0,0,カモメ,迷鳥,5,,,,,Larus minutus,
431,ベンガルアジサシ,チドリ目 カモメ科,33-42cm,,0,0,0,0,0,アジサシ,迷鳥,5,,,,,Sterna bengalensis,
432,ゴビズキンカモメ,チドリ目 カモメ科,30cm,,0,0,0,0,0,カモメ,迷鳥,5,,,,,Larus relictus,
433,アジサシ,チドリ目 カモメ科 アジサシ属,35cm,,1,1,1,1,1,アジサシ,夏鳥,2,,,,,Sterna hirundo,
434,エリグロアジサシ,チドリ目 カモメ科 アジサシ属,33cm,,0,0,0,0,1,アジサシ,夏鳥,3,,,,,Sterna sumatrana,
435,コアジサシ,チドリ目 カモメ科 アジサシ属,24cm,,1,1,1,1,1,アジサシ,夏鳥,2,,,,,Sterna albifrons,
436,ベニアジサシ,チドリ目 カモメ科 アジサシ属,36cm,IUCN(NT),0,1,1,1,1,アジサシ,夏鳥,4,,,,,Sterna dougallii,
437,オオアジサシ,チドリ目 カモメ科 オオアジサシ属,48cm,,0,0,0,1,1,アジサシ,夏鳥,3,,,,,Sterna bergii,
438,オニアジサシ,チドリ目 カモメ科 オニアジサシ属,53cm,,1,1,1,1,1,アジサシ,旅鳥,4,,,,,Sterna caspia,
439,アイスランドカモメ,チドリ目 カモメ科 カモメ属,60cm,,1,1,0,0,0,カモメ,冬鳥,3,,,,,Larus glaucoides,
440,ウミネコ,チドリ目 カモメ科 カモメ属,47cm,,1,1,1,1,1,カモメ,留鳥,1,,,,,Larus crassirostris,
441,オオセグロカモメ,チドリ目 カモメ科 カモメ属,61cm,,1,1,1,1,0,カモメ,留鳥,1,,,,,Larus schistisagus,
442,カナダカモメ,チドリ目 カモメ科 カモメ属,55cm,,1,1,0,0,0,カモメ,冬鳥,4,,,,,Larus thayeri,
443,カモメ,チドリ目 カモメ科 カモメ属,43cm,,1,1,1,1,1,カモメ,冬鳥,1,,,,,Larus canus,
444,キアシセグロカモメ,チドリ目 カモメ科 カモメ属,60cm,,1,1,1,1,1,カモメ,冬鳥,4,,,,,Larus cachinnans,
445,シロカモメ,チドリ目 カモメ科 カモメ属,70cm,,1,1,0,0,0,カモメ,冬鳥,2,,,,,Larus hyperboreus,
446,ズグロカモメ,チドリ目 カモメ科 カモメ属,32cm,IUCN(VU),1,1,1,1,1,カモメ,冬鳥,4,,,,,Larus saundersi,
447,セグロカモメ,チドリ目 カモメ科 カモメ属,61cm,,1,1,1,1,1,カモメ,冬鳥,1,,,,,Larus argentatus,
448,チャガシラカモメ,チドリ目 カモメ科 カモメ属,40cm,,1,1,1,1,1,カモメ,冬鳥,4,,,,,Larus brunnicephalus,
449,ニシセグロカモメ,チドリ目 カモメ科 カモメ属,65cm,,1,1,1,1,1,カモメ,冬鳥,4,,,,,Larus fuscus,
450,ボナパルトカモメ,チドリ目 カモメ科 カモメ属,34cm,,1,1,1,1,1,カモメ,冬鳥,4,,,,,Larus philadelphia,
451,ミナミオオセグロカモメ,チドリ目 カモメ科 カモメ属,65cm,,0,0,0,0,0,カモメ,迷鳥,5,,,,,Larus dominicanus,
452,ユリカモメ,チドリ目 カモメ科 カモメ属,40cm,,1,1,1,1,1,カモメ,冬鳥,1,,,,,Larus ridibundus,
453,ワシカモメ,チドリ目 カモメ科 カモメ属,65cm,,1,1,0,0,0,カモメ,冬鳥,2,,,,,Larus glaucescens,
454,ギンカモメ,チドリ目 カモメ科 ギンカモメ属,50cm,,0,0,0,0,0,カモメ,迷鳥,5,,,,,Chroicocephalus novaehollandiae,
455,クビワカモメ,チドリ目 カモメ科 クビワカモメ属,42cm,,0,0,0,0,0,カモメ,迷鳥,5,,,,,Xema sabini,
456,ヒメクロアジサシ,チドリ目 カモメ科 クロアジサシ属,42cm,,0,1,1,1,1,アジサシ,夏鳥,4,,,,,Anous minutus,
457,マミジロアジサシ,チドリ目 カモメ科 クロアジサシ属,37cm,,0,1,1,1,1,アジサシ,夏鳥,4,,,,,Sterna anaethetus,
458,クロハラアジサシ,チドリ目 カモメ科 クロハラアジサシ属,25cm,,1,1,1,1,1,アジサシ,旅鳥,3,,,,,Chlidonias hybrida,
459,ハシグロクロハラアジサシ,チドリ目 カモメ科 クロハラアジサシ属,24cm,,0,0,0,0,0,アジサシ,迷鳥,5,,,,,Chlidonias niger,
460,ハジロクロハラアジサシ,チドリ目 カモメ科 クロハラアジサシ属,24cm,,1,1,1,1,1,アジサシ,旅鳥,4,,,,,Chlidonias leucopterus,
461,ゾウゲカモメ,チドリ目 カモメ科 ゾウゲカモメ属,43cm,,1,0,0,0,0,カモメ,冬鳥,5,,,,,Pagophila eburnea,
462,コシジロアジサシ,チドリ目 カモメ科 ハシブトアジサシ属,30cm,,0,0,0,0,0,アジサシ,迷鳥,5,,,,,Sterna aleutica,
463,ハシブトアジサシ,チドリ目 カモメ科 ハシブトアジサシ属,38cm,,1,1,1,1,1,アジサシ,旅鳥,4,,,,,Gelochelidon nilotica,
464,ヒメクビワカモメ,チドリ目 カモメ科 ヒメクビワカモメ属,32cm,,0,0,0,0,0,カモメ,迷鳥,5,,,,,Rhodostethia rosea,
465,アカアシミツユビカモメ,チドリ目 カモメ科 ミツユビカモメ属,38cm,,1,0,0,0,0,カモメ,冬鳥,5,,,,,Rissa brevirostris,
466,ミツユビカモメ,チドリ目 カモメ科 ミツユビカモメ属,40cm,,1,1,1,1,1,カモメ,冬鳥,2,,,,,Rissa tridactyla,
467,ワライカモメ,チドリ目 カモメ科 ワライカモメ属,43cm,,0,0,0,0,0,カモメ,迷鳥,5,,,,,Larus atricilla,
468,アオシギ,チドリ目 シギ科,31cm,準絶滅危惧(NT),1,1,1,1,1,シギチドリ,冬鳥,3,,,,,Gallinago solitaria,
469,アメリカイソシギ,チドリ目 シギ科,20cm,,0,0,0,0,0,シギチドリ,迷鳥,5,,,,,Actitis macularius,
470,アメリカヒレアシシギ,チドリ目 シギ科,19cm,,1,1,1,1,1,シギチドリ,旅鳥,4,,,,,Phalaropus tricolor,
471,オオキアシシギ,チドリ目 シギ科,32cm,,1,1,1,1,1,シギチドリ,旅鳥,4,,,,,Tringa melanoleuca,
472,コキアシシギ,チドリ目 シギ科,25cm,,1,1,1,1,1,シギチドリ,旅鳥,4,,,,,Tringa flavipes,
473,コシジロウズラシギ,チドリ目 シギ科,16cm,,1,1,1,1,1,シギチドリ,旅鳥,4,,,,,Calidris fuscicollis,
474,コシャクシギ,チドリ目 シギ科,28-34cm,絶滅危惧IA類(CR),1,1,1,1,1,シギチドリ,旅鳥,4,,,,,Numenius minutus,
475,シロハラチュウシャクシギ,チドリ目 シギ科,44-46cm,,0,0,0,0,1,シギチドリ,旅鳥,5,,,,,Numenius tenuirostris,
476,チシマシギ,チドリ目 シギ科,19cm,準絶滅危惧(NT),1,1,1,1,1,シギチドリ,旅鳥/冬鳥,4,,,,,Calidris ptilocnemis,
477,ハリモモチュウシャク,チドリ目 シギ科,30-33cm,絶滅危惧IB類(EN),1,1,1,1,1,シギチドリ,旅鳥,5,,,,,Numenius tahitiensis,
478,アシナガシギ,チドリ目 シギ科 アシナガシギ属,28cm,,0,0,0,0,0,シギチドリ,迷鳥,5,,,,,Calidris himantopus,
479,イソシギ,チドリ目 シギ科 イソシギ属,20cm,,1,1,1,1,1,シギチドリ,留鳥,1,,,,,Actitis hypoleucos,
480,エリマキシギ,チドリ目 シギ科 エリマキシギ属,26cm,,1,1,1,1,1,シギチドリ,旅鳥,2,,,,,Philomachus pugnax,
481,オオソリハシシギ,チドリ目 シギ科 オオソリハシシギ属,39cm,,1,1,1,1,1,シギチドリ,旅鳥,3,,,,,Limosa lapponica,
482,アメリカオオハシシギ,チドリ目 シギ科 オオハシシギ属,29cm,,0,0,0,0,0,シギチドリ,迷鳥,5,,,,,Limnodromus griseus,
483,オオハシシギ,チドリ目 シギ科 オオハシシギ属,29cm,,1,1,1,1,1,シギチドリ,旅鳥,3,,,,,Limnodromus scolopaceus,
484,シベリアオオハシシギ,チドリ目 シギ科 オオハシシギ属,35cm,,0,0,0,0,0,シギチドリ,迷鳥,5,,,,,Limnodromus semipalmatus,
485,アメリカオグロシギ,チドリ目 シギ科 オグロシギ属,45cm,,0,0,0,0,0,シギチドリ,迷鳥,5,,,,,Limosa haemastica,
486,オグロシギ,チドリ目 シギ科 オグロシギ属,48cm,,1,1,1,1,1,シギチドリ,旅鳥,3,,,,,Limosa limosa,
487,アメリカウズラシギ,チドリ目 シギ科 オバシギ属,21cm,,1,1,1,1,1,シギチドリ,旅鳥,2,,,,,Calidris melanotos,
488,ウズラシギ,チドリ目 シギ科 オバシギ属,21cm,,1,1,1,1,1,シギチドリ,旅鳥,2,,,,,Calidris acuminata,
489,オジロトウネン,チドリ目 シギ科 オバシギ属,15cm,,1,1,1,1,1,シギチドリ,旅鳥,2,,,,,Calidris temminckii,
490,オバシギ,チドリ目 シギ科 オバシギ属,28cm,,1,1,1,1,1,シギチドリ,旅鳥,2,,,,,Calidris tenuirostris,
491,コオバシギ,チドリ目 シギ科 オバシギ属,22cm,,1,1,1,1,1,シギチドリ,旅鳥,3,,,,,Calidris canutus,
492,サルハマシギ,チドリ目 シギ科 オバシギ属,20cm,,1,1,1,1,1,シギチドリ,旅鳥,3,,,,,Calidris ferruginea,
493,トウネン,チドリ目 シギ科 オバシギ属,15cm,,1,1,1,1,1,シギチドリ,旅鳥,2,,,,,Calidris ruficollis,
494,ハマシギ,チドリ目 シギ科 オバシギ属,21cm,,1,1,1,1,1,シギチドリ,冬鳥,1,,,,,Calidris alpina,
495,ヒバリシギ,チドリ目 シギ科 オバシギ属,15cm,,1,1,1,1,1,シギチドリ,旅鳥,2,,,,,Calidris subminuta,
496,ヒメウズラシギ,チドリ目 シギ科 オバシギ属,15cm,,1,1,1,1,1,シギチドリ,旅鳥,2,,,,,Calidris bairdii,
497,ヒメハマシギ,チドリ目 シギ科 オバシギ属,14cm,,1,1,1,1,1,シギチドリ,旅鳥,3,,,,,Calidris mauri,
498,ミユビシギ,チドリ目 シギ科 オバシギ属,20cm,,1,1,1,1,1,シギチドリ,旅鳥,2,,,,,Calidris alba,
499,ヨーロッパトウネン,チドリ目 シギ科 オバシギ属,15cm,,1,1,1,1,1,シギチドリ,旅鳥,4,,,,,Calidris minuta,
500,アメリカコモンシギ,チドリ目 シギ科 カナダシギ属,29cm,,0,0,0,0,0,シギチドリ,迷鳥,5,,,,,Calidris subruficollis,
501,コモンシギ,チドリ目 シギ科 カナダシギ属,29cm,,0,0,0,0,0,シギチドリ,迷鳥,5,,,,,Tryngites subruficollis,
502,キアシシギ,チドリ目 シギ科 キアシシギ属,27cm,,1,1,1,1,1,シギチドリ,旅鳥,2,,,,,Heteroscelus brevipes,
503,メリケンキアシシギ,チドリ目 シギ科 キアシシギ属,28cm,,1,1,1,1,1,シギチドリ,旅鳥,2,,,,,Heteroscelus incanus,
504,キョウジョシギ,チドリ目 シギ科 キョウジョシギ属,24cm,,1,1,1,1,1,シギチドリ,旅鳥,2,,,,,Arenaria interpres,
505,キリアイ,チドリ目 シギ科 キリアイ属,23cm,,1,1,1,1,1,シギチドリ,旅鳥,3,,,,,Limicola falcinellus,
506,アオアシシギ,チドリ目 シギ科 クサシギ属,35cm,,1,1,1,1,1,シギチドリ,旅鳥,2,,,,,Tringa nebularia,
507,アカアシシギ,チドリ目 シギ科 クサシギ属,28cm,,1,1,1,1,1,シギチドリ,旅鳥,2,,,,,Tringa totanus,
508,カラフトアオアシシギ,チドリ目 シギ科 クサシギ属,33cm,,1,1,1,1,1,シギチドリ,旅鳥,4,,,,,Tringa guttifer,
509,クサシギ,チドリ目 シギ科 クサシギ属,24cm,,1,1,1,1,1,シギチドリ,冬鳥,1,,,,,Tringa ochropus,
510,コアオアシシギ,チドリ目 シギ科 クサシギ属,25cm,,1,1,1,1,1,シギチドリ,旅鳥,2,,,,,Tringa stagnatilis,
511,タカブシギ,チドリ目 シギ科 クサシギ属,21cm,,1,1,1,1,1,シギチドリ,旅鳥,2,,,,,Tringa glareola,
512,ツルシギ,チドリ目 シギ科 クサシギ属,31cm,,1,1,1,1,1,シギチドリ,旅鳥,2,,,,,Tringa erythropus,
513,ソリハシシギ,チドリ目 シギ科 ソリハシシギ属,23cm,,1,1,1,1,1,シギチドリ,旅鳥,2,,,,,Xenus cinereus,
514,ダイシャクシギ,チドリ目 シギ科 ダイシャクシギ属,60cm,IUCN(NT),1,1,1,1,1,シギチドリ,旅鳥,3,,,,,Numenius arquata,
515,チュウシャクシギ,チドリ目 シギ科 ダイシャクシギ属,42cm,,1,1,1,1,1,シギチドリ,旅鳥,2,,,,,Numenius phaeopus,
516,ホウロクシギ,チドリ目 シギ科 ダイシャクシギ属,63cm,,1,1,1,1,1,シギチドリ,旅鳥,2,,,,,Numenius madagascariensis,
517,オオジシギ,チドリ目 シギ科 タシギ属,30cm,IUCN(NT),1,1,1,1,1,シギチドリ,夏鳥,2,,,,,Gallinago hardwickii,
518,コシギ,チドリ目 シギ科 タシギ属,20cm,,1,1,1,1,1,シギチドリ,旅鳥,4,,,,,Lymnocryptes minimus,
519,タシギ,チドリ目 シギ科 タシギ属,27cm,狩猟鳥,1,1,1,1,1,シギチドリ,冬鳥,2,,,,,Gallinago gallinago,
520,チュウジシギ,チドリ目 シギ科 タシギ属,27cm,,1,1,1,1,1,シギチドリ,旅鳥,2,,,,,Gallinago megala,
521,ハリオシギ,チドリ目 シギ科 タシギ属,27cm,,1,1,1,1,1,シギチドリ,旅鳥,3,,,,,Gallinago stenura,
522,アカエリヒレアシシギ,チドリ目 シギ科 ヒレアシシギ属,19cm,,1,1,1,1,1,シギチドリ,旅鳥,2,,,,,Phalaropus lobatus,
523,ハイイロヒレアシシギ,チドリ目 シギ科 ヒレアシシギ属,21cm,,1,1,1,1,1,シギチドリ,旅鳥,3,,,,,Phalaropus fulicarius,
524,ヘラシギ,チドリ目 シギ科 ヘラシギ属,15cm,希少野生動植物種;IUCN(CR),1,1,1,1,1,シギチドリ,旅鳥,5,,,,,Eurynorhynchus pygmeus,
525,アマミヤマシギ,チドリ目 シギ科 ヤマシギ属,36cm,希少野生動植物種;IUCN(VU),0,0,0,0,1,シギチドリ,留鳥,4,,,,,Scolopax mira,
526,ヤマシギ,チドリ目 シギ科 ヤマシギ属,35cm,狩猟鳥,1,1,1,1,1,シギチドリ,留鳥,2,,,,,Scolopax rusticola,
527,セイタカシギ,チドリ目 セイタカシギ科 セイタカシギ属,37cm,,1,1,1,1,1,シギチドリ,留鳥,2,,,,,Himantopus himantopus,
528,ソリハシセイタカシギ,チドリ目 セイタカシギ科 ソリハシセイタカシギ属,45cm,,1,1,1,1,1,シギチドリ,冬鳥,4,,,,,Recurvirostra avosetta,
529,タマシギ,チドリ目 タマシギ科 タマシギ属,25cm,,0,1,1,1,1,シギチドリ,留鳥,3,,,,,Rostratula benghalensis,
530,ミズカキチドリ,チドリ目 チドリ科,20cm,,0,0,0,0,0,シギチドリ,迷鳥,5,,,,,Charadrius semipalmatus,
531,ケリ,チドリ目 チドリ科 タゲリ属,36cm,,1,1,1,1,0,シギチドリ,留鳥,2,,,,,Vanellus cinereus,
532,タゲリ,チドリ目 チドリ科 タゲリ属,31cm,,1,1,1,1,0,シギチドリ,冬鳥,1,,,,,Vanellus vanellus,
533,イカルチドリ,チドリ目 チドリ科 チドリ属,21cm,,1,1,1,1,1,シギチドリ,留鳥,1,,,,,Charadrius placidus,
534,オオチドリ,チドリ目 チドリ科 チドリ属,25cm,,0,0,0,0,1,シギチドリ,夏鳥,4,,,,,Charadrius veredus,
535,オオメダイチドリ,チドリ目 チドリ科 チドリ属,25cm,,1,1,1,1,1,シギチドリ,旅鳥,3,,,,,Charadrius leschenaultii,
536,コチドリ,チドリ目 チドリ科 チドリ属,16cm,,1,1,1,1,0,シギチドリ,夏鳥,1,,,,,Charadrius dubius,
537,コバシチドリ,チドリ目 チドリ科 チドリ属,18cm,,0,0,0,0,0,シギチドリ,迷鳥,5,,,,,Charadrius morinellus,
538,シロチドリ,チドリ目 チドリ科 チドリ属,18cm,,1,1,1,1,1,シギチドリ,留鳥,2,,,,,Charadrius alexandrinus,
539,ハジロコチドリ,チドリ目 チドリ科 チドリ属,16cm,,1,1,1,1,1,シギチドリ,旅鳥,3,,,,,Charadrius hiaticula,
540,メダイチドリ,チドリ目 チドリ科 チドリ属,20cm,,1,1,1,1,1,シギチドリ,旅鳥,2,,,,,Charadrius mongolus,
541,アメリカムナグロ,チドリ目 チドリ科 ムナグロ属,28cm,,0,0,0,0,0,シギチドリ,迷鳥,5,,,,,Pluvialis dominica,
542,ダイゼン,チドリ目 チドリ科 ムナグロ属,29cm,,1,1,1,1,1,シギチドリ,旅鳥,2,,,,,Pluvialis squatarola,
543,ムナグロ,チドリ目 チドリ科 ムナグロ属,24cm,,1,1,1,1,1,シギチドリ,旅鳥,2,,,,,Pluvialis fulva,
544,ヨーロッパムナグロ,チドリ目 チドリ科 ムナグロ属,28cm,,0,0,0,0,0,シギチドリ,迷鳥,5,,,,,Pluvialis apricaria,
545,ツバメチドリ,チドリ目 ツバメチドリ科 ツバメチドリ属,25cm,,1,1,1,1,1,シギチドリ,夏鳥,3,,,,,Glareola maldivarum,
546,オオトウゾクカモメ,チドリ目 トウゾクカモメ科 オオトウゾクカモメ属,58cm,,1,1,1,1,1,海鳥,旅鳥,4,,,,,Stercorarius maccormicki,
547,クロトウゾクカモメ,チドリ目 トウゾクカモメ科 トウゾクカモメ属,48cm,,1,1,1,1,1,海鳥,旅鳥,3,,,,,Stercorarius parasiticus,
548,シロハラトウゾクカモメ,チドリ目 トウゾクカモメ科 トウゾクカモメ属,53cm,,1,1,1,1,1,海鳥,旅鳥,4,,,,,Stercorarius longicaudus,
549,トウゾクカモメ,チドリ目 トウゾクカモメ科 トウゾクカモメ属,53cm,,1,1,1,1,1,海鳥,旅鳥,3,,,,,Stercorarius pomarinus,
550,ミヤコドリ,チドリ目 ミヤコドリ科 ミヤコドリ属,44cm,,1,1,1,1,1,シギチドリ,冬鳥,3,,,,,Haematopus ostralegus,
551,レンカク,チドリ目 レンカク科 レンカク属,50cm,,0,0,0,0,0,シギチドリ,迷鳥,5,,,,,Hydrophasianus chirurgus,
552,コウライクイナ,ツル目 クイナ科,23cm,準絶滅危惧(NT),0,0,0,0,0,その他,迷鳥,5,,,,,Porzana paykullii,
553,ツルクイナ,ツル目 クイナ科,36-43cm,,0,0,0,0,0,その他,迷鳥,5,,,,,Gallicrex cinerea,
554,ミナミクイナ,ツル目 クイナ科,27cm,,0,0,0,0,0,その他,迷鳥,5,,,,,Gallirallus striatus,
555,オオクイナ,ツル目 クイナ科 オオクイナ属,30cm,,1,1,1,1,1,その他,冬鳥,4,,,,,Rallina eurizonoides,
556,オオバン,ツル目 クイナ科 オオバン属,39cm,,1,1,1,1,1,その他,留鳥,1,,,,,Fulica atra,
557,クイナ,ツル目 クイナ科 クイナ属,29cm,,1,1,1,1,1,その他,冬鳥,2,,,,,Rallus aquaticus,
558,コモンクイナ,ツル目 クイナ科 コモンクイナ属,20cm,,0,0,0,0,0,その他,迷鳥,5,,,,,Porzana porzana,
559,シマクイナ,ツル目 クイナ科 シマクイナ属,13cm,,1,1,1,1,1,その他,夏鳥,4,,,,,Coturnicops exquisitus,
560,シロハラクイナ,ツル目 クイナ科 シロハラクイナ属,30cm,,0,0,0,1,1,その他,留鳥,3,,,,,Amaurornis phoenicurus,
561,バン,ツル目 クイナ科 バン属,33cm,,1,1,1,1,1,その他,留鳥,1,,,,,Gallinula chloropus,
562,ヒクイナ,ツル目 クイナ科 ヒクイナ属,23cm,,1,1,1,1,1,その他,夏鳥,2,,,,,Porzana fusca,
563,ヒメクイナ,ツル目 クイナ科 ヒメクイナ属,19cm,,1,1,1,1,1,その他,冬鳥,4,,,,,Porzana pusilla,
564,マミジロクイナ,ツル目 クイナ科 マミジロクイナ属,20cm,,0,0,0,0,1,その他,留鳥,3,,,,,Porzana cinerea,
565,ヤンバルクイナ,ツル目 クイナ科 ヤンバルクイナ属,35cm,天然記念物;希少野生動植物種;IUCN(EN),0,0,0,0,1,その他,留鳥,4,,,,,Gallirallus okinawae,
566,マナヅル,ツル目 ツル科,120-153cm,天然記念物 絶滅危惧IB類(EN),1,1,1,1,1,ツル,冬鳥,2,,,,,Grus vipio,
567,アネハヅル,ツル目 ツル科 アネハヅル属,90cm,,0,0,0,0,0,ツル,迷鳥,5,,,,,Anthropoides virgo,
568,カナダヅル,ツル目 ツル科 カナダヅル属,100cm,,1,1,1,1,1,ツル,冬鳥,4,,,,,Grus canadensis,
569,ソデグロヅル,ツル目 ツル科 ソデグロヅル属,130cm,IUCN(CR),1,1,1,1,1,ツル,冬鳥,4,,,,,Grus leucogeranus,
570,クロヅル,ツル目 ツル科 ツル属,115cm,,1,1,1,1,1,ツル,冬鳥,4,,,,,Grus grus,
571,タンチョウ,ツル目 ツル科 ツル属,140cm,特別天然記念物;希少野生動植物種,1,0,0,0,0,ツル,留鳥,3,,,,,Grus japonensis,
572,ナベヅル,ツル目 ツル科 ツル属,100cm,特別天然記念物;希少野生動植物種;IUCN(VU),1,1,1,1,1,ツル,冬鳥,4,,,,,Grus monacha,
573,アカオネッタイチョウ,ネッタイチョウ目 ネッタイチョウ科 ネッタイチョウ属,105cm,,0,0,0,0,0,海鳥,迷鳥,5,,,,,Phaethon rubricauda,
574,アカハシネッタイチョウ,ネッタイチョウ目 ネッタイチョウ科 ネッタイチョウ属,100cm,,0,0,0,0,0,海鳥,迷鳥,5,,,,,Phaethon aethereus,
575,シラオネッタイチョウ,ネッタイチョウ目 ネッタイチョウ科 ネッタイチョウ属,80cm,,0,0,0,0,0,海鳥,迷鳥,5,,,,,Phaethon lepturus,
576,ノガン,ノガン目 ノガン科,75-105cm,,0,0,0,0,0,ガンカモ,迷鳥,5,,,,,Otis tarda,
577,ヒメノガン,ノガン目 ノガン科,40-45cm,,0,0,0,0,0,ガンカモ,迷鳥,5,,,,,Tetrax tetrax,
578,オガサワラカラスバト,ハト目 ハト科,45cm,絶滅(EX) 固有種,0,0,0,0,1,ハト,留鳥,5,,,,,Columba versicolor,
579,クロアゴヒメアオバト,ハト目 ハト科,27cm,,0,0,0,0,0,ハト,迷鳥,5,,,,,Ptilinopus leclancheri,
580,ヒメモリバト,ハト目 ハト科,30-33cm,,0,0,0,0,0,ハト,迷鳥,5,,,,,Columba oenas,
581,リュウキュウカラスバト,ハト目 ハト科,45cm,絶滅(EX) 固有亜種,0,0,0,0,1,ハト,留鳥,5,,,,,Columba jouyi,
582,アオバト,ハト目 ハト科 アオバト属,33cm,,1,1,1,1,1,ハト,留鳥,1,,,,,Treron sieboldii,
583,ズアカアオバト,ハト目 ハト科 アオバト属,35cm,IUCN(VU),0,0,0,0,1,ハト,留鳥,4,,,,,Treron formosae,
584,アカガシラカラスバト,ハト目 ハト科 カラスバト属,45cm,天然記念物;希少野生動植物種;IUCN(VU),0,0,0,0,1,ハト,留鳥,4,,,,,Columba jouyi ,
585,カラスバト,ハト目 ハト科 カラスバト属,40cm,天然記念物,0,1,1,1,1,ハト,留鳥,3,,,,,Columba janthina,
586,キジバト,ハト目 ハト科 キジバト属,33cm,,1,1,1,1,1,ハト,留鳥,1,,,,,Streptopelia orientalis,
587,シラコバト,ハト目 ハト科 キジバト属,30cm,天然記念物,0,1,0,0,0,ハト,留鳥,4,,,,,Streptopelia decaocto,
588,ベニバト,ハト目 ハト科 キジバト属,23cm,,0,0,0,0,1,ハト,留鳥,3,,,,,Streptopelia tranquebarica,
589,キンバト,ハト目 ハト科 キンバト属,25cm,,0,0,0,0,1,ハト,留鳥,4,,,,,Chalcophaps indica,
590,アカアシチョウゲンボウ,ハヤブサ目 ハヤブサ科,28-34cm,,0,0,0,0,0,猛禽,迷鳥,5,,,,,Falco amurensis,
591,ヒメチョウゲンボウ,ハヤブサ目 ハヤブサ科,26-33cm,,0,0,0,0,0,猛禽,迷鳥,5,,,,,Falco naumanni,
592,ワキスジハヤブサ,ハヤブサ目 ハヤブサ科,30cm,,0,0,0,0,0,猛禽,迷鳥,5,,,,,Falco cherrug,
593,コチョウゲンボウ,ハヤブサ目 ハヤブサ科 ハヤブサ属,30cm,,1,1,1,1,1,猛禽,冬鳥,3,,,,,Falco columbarius,
594,シロハヤブサ,ハヤブサ目 ハヤブサ科 ハヤブサ属,58cm,,1,1,0,0,0,猛禽,冬鳥,5,,,,,Falco rusticolus,
595,チゴハヤブサ,ハヤブサ目 ハヤブサ科 ハヤブサ属,30cm,,1,1,1,1,0,猛禽,夏鳥,2,,,,,Falco subbuteo,
596,チョウゲンボウ,ハヤブサ目 ハヤブサ科 ハヤブサ属,35cm,,1,1,1,1,1,猛禽,留鳥,1,,,,,Falco tinnunculus,
597,ハヤブサ,ハヤブサ目 ハヤブサ科 ハヤブサ属,45cm,希少野生動植物種,1,1,1,1,1,猛禽,留鳥,2,,,,,Falco peregrinus,
598,アオバズク,フクロウ目 フクロウ科 アオバズク属,29cm,,1,1,1,1,1,猛禽,夏鳥,2,,,,,Ninox scutulata,
599,アナホリフクロウ,フクロウ目 フクロウ科 アナホリフクロウ属,23cm,,0,0,0,0,0,猛禽,迷鳥,5,,,,,Athene cunicularia,
600,アメリカオオコノハズク,フクロウ目 フクロウ科 アメリカオオコノハズク属,22cm,,0,0,0,0,0,猛禽,迷鳥,5,,,,,Megascops kennicottii,
601,アメリカキンメフクロウ,フクロウ目 フクロウ科 キンメフクロウ属,20cm,,0,0,0,0,0,猛禽,迷鳥,5,,,,,Aegolius acadicus,
602,キンメフクロウ,フクロウ目 フクロウ科 キンメフクロウ属,25cm,,1,0,0,0,0,猛禽,留鳥,5,,,,,Aegolius funereus,
603,オオコノハズク,フクロウ目 フクロウ科 コノハズク属,24cm,,1,1,1,1,1,猛禽,留鳥,3,,,,,Otus lempiji,
604,コノハズク,フクロウ目 フクロウ科 コノハズク属,20cm,IUCN(NT),1,1,1,1,1,猛禽,夏鳥,3,,,,,Otus sunia,
605,リュウキュウコノハズク,フクロウ目 フクロウ科,22cm,IUCN(NT),0,0,0,0,1,猛禽,留鳥,3,,,,,Otus elegans,
606,シマフクロウ,フクロウ目 フクロウ科 シマフクロウ属,70cm,天然記念物;希少野生動植物種,1,0,0,0,0,猛禽,留鳥,4,,,,,Ketupa blakistoni,
607,シロフクロウ,フクロウ目 フクロウ科 シロフクロウ属,60cm,IUCN(VU),1,1,0,0,0,猛禽,冬鳥,4,,,,,Bubo scandiacus,
608,コミミズク,フクロウ目 フクロウ科 トラフズク属,38cm,,1,1,1,1,1,猛禽,冬鳥,3,,,,,Asio flammeus,
609,トラフズク,フクロウ目 フクロウ科 トラフズク属,38cm,,1,1,1,1,0,猛禽,留鳥,3,,,,,Asio otus,
610,フクロウ,フクロウ目 フクロウ科 フクロウ属,50cm,,1,1,1,1,0,猛禽,留鳥,2,,,,,Strix uralensis,
611,アメリカワシミミズク,フクロウ目 フクロウ科 ワシミミズク属,60cm,,0,0,0,0,0,猛禽,迷鳥,5,,,,,Bubo virginianus,
612,ワシミミズク,フクロウ目 フクロウ科 ワシミミズク属,70cm,,1,0,0,0,0,猛禽,留鳥,4,,,,,Bubo bubo,
613,ヒガシメンフクロウ,フクロウ目 メンフクロウ科,36cm,,0,0,0,0,0,猛禽,迷鳥,5,,,,,Tyto longimembris,
614,アオショウビン,ブッポウソウ目 カワセミ科,24cm,,0,0,0,0,0,その他,迷鳥,5,,,,,Halcyon smyrnensis,
615,ナンヨウショウビン,ブッポウソウ目 カワセミ科,20-23cm,,0,0,0,0,0,その他,迷鳥,5,,,,,Todiramphus chloris,
616,ミツユビカワセミ,ブッポウソウ目 カワセミ科,13cm,,0,0,0,0,0,その他,迷鳥,5,,,,,Ceyx erithaca,
617,ミヤコショウビン,ブッポウソウ目 カワセミ科,20-22cm,絶滅(EX) 固有種,0,0,0,0,1,その他,留鳥,5,,,,,Todiramphus miyakoensis,
618,ヤマショウビン,ブッポウソウ目 カワセミ科,26-28cm,,1,1,1,1,1,その他,夏鳥/旅鳥,3,,,,,Halcyon pileata,
619,カワセミ,ブッポウソウ目 カワセミ科 カワセミ属,17cm,,1,1,1,1,1,その他,留鳥,1,,,,,Alcedo atthis,
620,ヤマセミ,ブッポウソウ目 カワセミ科 カワセミ属,38cm,,1,1,1,1,0,その他,留鳥,2,,,,,Megaceryle lugubris,
621,アカショウビン,ブッポウソウ目 カワセミ科 ショウビン属,27cm,,0,1,1,1,1,その他,夏鳥,2,,,,,Halcyon coromanda,
622,ハチクイ,ブッポウソウ目 ハチクイ科,25-30cm,,0,0,0,0,0,その他,迷鳥,5,,,,,Merops ornatus,
623,インドブッポウソウ,ブッポウソウ目 ブッポウソウ科 ニシブッポウソウ属,33cm,,0,0,0,0,0,その他,迷鳥,5,,,,,Coracias benghalensis,
624,ニシブッポウソウ,ブッポウソウ目 ブッポウソウ科 ニシブッポウソウ属,31cm,,0,0,0,0,0,その他,迷鳥,5,,,,,Coracias garrulus,
625,ブッポウソウ,ブッポウソウ目 ブッポウソウ科 ブッポウソウ属,29cm,,0,1,1,1,0,その他,夏鳥,3,,,,,Eurystomus orientalis,
626,オオヨシゴイ,ペリカン目 サギ科,42-48cm,準絶滅危惧(NT),1,1,1,1,1,サギ,夏鳥,3,,,,,Ixobrychus eurhythmus,
627,ササゴイ,ペリカン目 サギ科,40-48cm,,1,1,1,1,1,サギ,夏鳥/留鳥,1,,,,,Butorides striata,
628,タカサゴクロサギ,ペリカン目 サギ科,58-66cm,,0,0,0,0,0,サギ,迷鳥,5,,,,,Ixobrychus flavicollis,
629,ハシブトゴイ,ペリカン目 サギ科,56-58cm,,0,0,0,0,0,サギ,迷鳥,5,,,,,Nycticorax caledonicus,
630,アオサギ,ペリカン目 サギ科 アオサギ属,93cm,,1,1,1,1,1,サギ,留鳥,1,,,,,Ardea cinerea,
631,オニアオサギ,ペリカン目 サギ科 アオサギ属,120cm,,0,0,0,0,0,サギ,迷鳥,5,,,,,Ardea goliath,
632,ダイサギ,ペリカン目 サギ科 アオサギ属,90cm,,1,1,1,1,1,サギ,留鳥,1,,,,,Ardea alba,
633,チュウサギ,ペリカン目 サギ科 アオサギ属,68cm,,1,1,1,1,1,サギ,夏鳥,1,,,,,Egretta intermedia,
634,ムラサキサギ,ペリカン目 サギ科 アオサギ属,85cm,,0,0,0,1,1,サギ,留鳥,4,,,,,Ardea purpurea,
635,アカガシラサギ,ペリカン目 サギ科 アカガシラサギ属,45cm,,0,1,1,1,1,サギ,夏鳥,4,,,,,Ardeola bacchus,
636,アマサギ,ペリカン目 サギ科 アマサギ属,50cm,,1,1,1,1,1,サギ,夏鳥,1,,,,,Bubulcus ibis,
637,ゴイサギ,ペリカン目 サギ科 ゴイサギ属,57.5cm,,1,1,1,1,1,サギ,留鳥,1,,,,,Nycticorax nycticorax,
638,カラシラサギ,ペリカン目 サギ科 コサギ属,65cm,希少野生動植物種;IUCN(VU),1,1,1,1,1,サギ,旅鳥,4,,,,,Egretta eulophotes,
639,クロサギ,ペリカン目 サギ科 コサギ属,62cm,,1,1,1,1,1,サギ,留鳥,2,,,,,Egretta sacra,
640,コサギ,ペリカン目 サギ科 コサギ属,61cm,,1,1,1,1,1,サギ,留鳥,1,,,,,Egretta garzetta,
641,サンカノゴイ,ペリカン目 サギ科 サンカノゴイ属,70cm,IUCN(EN),1,1,1,1,0,サギ,冬鳥,5,,,,,Botaurus stellaris,
642,ズグロミゾゴイ,ペリカン目 サギ科 ミゾゴイ属,49cm,IUCN(VU),0,1,1,1,1,サギ,夏鳥,4,,,,,Gorsachius melanolophus,
643,ミゾゴイ,ペリカン目 サギ科 ミゾゴイ属,49cm,希少野生動植物種;IUCN(EN),0,1,1,1,0,サギ,夏鳥,4,,,,,Gorsachius goisagi,
644,ヨシゴイ,ペリカン目 サギ科 ヨシゴイ属,36cm,,1,1,1,1,0,サギ,夏鳥,2,,,,,Ixobrychus sinensis,
645,リュウキュウヨシゴイ,ペリカン目 サギ科 ヨシゴイ属,38cm,,0,0,0,0,1,サギ,留鳥,4,,,,,Ixobrychus cinnamomeus,
646,クロトキ,ペリカン目 トキ科,60-75cm,絶滅危惧IB類(EN),0,0,0,0,0,サギ,迷鳥/冬鳥,5,,,,,Threskiornis melanocephalus,
647,トキ,ペリカン目 トキ科 トキ属,75cm,特別天然記念物;希少野生動植物種;IUCN(EN),0,1,0,0,1,サギ,留鳥,4,,,,,Nipponia nippon,
648,ブロンズトキ,ペリカン目 トキ科 ブロンズトキ属,60cm,,0,0,0,0,0,サギ,迷鳥,5,,,,,Plegadis falcinellus,
649,クロツラヘラサギ,ペリカン目 トキ科 ヘラサギ属,75cm,希少野生動植物種;IUCN(EN),0,1,1,1,1,サギ,冬鳥,4,,,,,Platalea minor,
650,ヘラサギ,ペリカン目 トキ科 ヘラサギ属,85cm,,1,1,1,1,1,サギ,冬鳥,4,,,,,Platalea leucorodia,
651,ホシバシペリカン,ペリカン目 ペリカン科,125-152cm,,0,0,0,0,0,海鳥,迷鳥,5,,,,,Pelecanus philippensis,
652,ハイイロペリカン,ペリカン目 ペリカン科 ペリカン属,170cm,IUCN(NT),0,0,0,0,0,海鳥,迷鳥,5,,,,,Pelecanus crispus,
653,モモイロペリカン,ペリカン目 ペリカン科 ペリカン属,160cm,,0,0,0,0,0,海鳥,迷鳥,5,,,,,Pelecanus onocrotalus,
654,アホウドリ,ミズナギドリ目 アホウドリ科 アホウドリ属,90cm,特別天然記念物;希少野生動植物種;IUCN(VU),1,1,1,1,1,海鳥,冬鳥,5,,,,,Phoebastria albatrus,
655,クロアシアホウドリ,ミズナギドリ目 アホウドリ科 アホウドリ属,75cm,IUCN(NT),1,1,1,1,1,海鳥,夏鳥,3,,,,,Phoebastria nigripes,
656,コアホウドリ,ミズナギドリ目 アホウドリ科 アホウドリ属,80cm,IUCN(NT),1,1,1,1,1,海鳥,夏鳥,3,,,,,Phoebastria immutabilis,
657,ワタリアホウドリ,ミズナギドリ目 アホウドリ科 アホウドリ属,120cm,IUCN(VU),0,0,0,0,0,海鳥,迷鳥,5,,,,,Diomedea exulans,
658,ハイイロアホウドリ,ミズナギドリ目 アホウドリ科 ハイイロアホウドリ属,80cm,,0,0,0,0,0,海鳥,迷鳥,5,,,,,Phoebetria palpebrata,
659,アシナガウミツバメ,ミズナギドリ目 ウミツバメ科,18-19cm,,1,1,0,0,0,海鳥,旅鳥,4,,,,,Oceanites oceanicus,
660,クロウミツバメ,ミズナギドリ目 ウミツバメ科,24cm,準絶滅危惧(NT),1,1,1,1,1,海鳥,夏鳥,4,,,,,Oceanodroma matsudairae,
661,ヒメクロウミツバメ,ミズナギドリ目 ウミツバメ科,18-21cm,準絶滅危惧(NT),1,1,1,1,1,海鳥,夏鳥,4,,,,,Oceanodroma monorhis,
662,ウミツバメ,ミズナギドリ目 ウミツバメ科 ウミツバメ属,20cm,,1,1,1,1,1,海鳥,夏鳥,3,,,,,Hydrobates monorhis,
663,コシジロウミツバメ,ミズナギドリ目 ウミツバメ科 ウミツバメ属,20cm,,1,1,1,1,1,海鳥,夏鳥,3,,,,,Oceanodroma leucorhoa,
664,ハイイロウミツバメ,ミズナギドリ目 ウミツバメ科 ウミツバメ属,20cm,,1,1,1,1,1,海鳥,旅鳥,4,,,,,Oceanodroma furcata,
665,オーストンウミツバメ,ミズナギドリ目 ウミツバメ科 オーストンウミツバメ属,25cm,IUCN(VU),0,1,1,1,1,海鳥,留鳥,4,,,,,Oceanodroma tristrami,
666,クロコシジロウミツバメ,ミズナギドリ目 ウミツバメ科 オーストンウミツバメ属,25cm,IUCN(VU),1,1,1,1,1,海鳥,夏鳥,4,,,,,Oceanodroma castro,
667,アカアシミズナギドリ,ミズナギドリ目 ミズナギドリ科,48cm,,0,0,0,0,1,海鳥,旅鳥,4,,,,,Puffinus carneipes,
668,オガサワラヒメミズナギドリ,ミズナギドリ目 ミズナギドリ科,25-30cm,,0,0,0,0,1,海鳥,留鳥,4,,,,,Puffinus bryani,
669,カワリシロハラミズナギドリ,ミズナギドリ目 ミズナギドリ科,38-46cm,,1,1,1,1,1,海鳥,旅鳥,4,,,,,Pterodroma neglecta,
670,コミズナギドリ,ミズナギドリ目 ミズナギドリ科,25-30cm,,1,1,1,1,1,海鳥,旅鳥,4,,,,,Puffinus nativitatis,
671,シロハラアカアシミズナギドリ,ミズナギドリ目 ミズナギドリ科,48-51cm,,0,0,0,0,0,海鳥,旅鳥,5,,,,,Puffinus creatopus,
672,ハグロシロハラミズナギドリ,ミズナギドリ目 ミズナギドリ科,41-43cm,,0,0,0,0,0,海鳥,旅鳥,5,,,,,Pterodroma nigripennis,
673,ハジロミズナギドリ,ミズナギドリ目 ミズナギドリ科,43cm,,1,1,1,1,1,海鳥,旅鳥,4,,,,,Pterodroma solandri,
674,ハワイシロハラミズナギドリ,ミズナギドリ目 ミズナギドリ科,41-43cm,,0,0,0,0,0,海鳥,旅鳥,5,,,,,Pterodroma phaeopygia,
675,ハワイセグロミズナギドリ,ミズナギドリ目 ミズナギドリ科,31-36cm,,0,0,0,0,0,海鳥,旅鳥,5,,,,,Puffinus newelli,
676,マダラシロハラミズナギドリ,ミズナギドリ目 ミズナギドリ科,41-43cm,,0,0,0,0,0,海鳥,旅鳥,5,,,,,Pterodroma inexpectata,
677,マンクスミズナギドリ,ミズナギドリ目 ミズナギドリ科,30-38cm,,0,0,0,0,0,海鳥,迷鳥,5,,,,,Puffinus puffinus,
678,ミナミオナガミズナギドリ,ミズナギドリ目 ミズナギドリ科,46-47cm,,0,0,0,0,0,海鳥,旅鳥,5,,,,,Puffinus bulleri,
679,オオシロハラミズナギドリ,ミズナギドリ目 ミズナギドリ科 オオシロハラミズナギドリ属,51cm,,0,0,0,0,0,海鳥,迷鳥,5,,,,,Pterodroma externa,
680,オナガミズナギドリ,ミズナギドリ目 ミズナギドリ科 オナガミズナギドリ属,40cm,,1,1,1,1,1,海鳥,旅鳥,3,,,,,Puffinus pacificus,
681,シロハラミズナギドリ,ミズナギドリ目 ミズナギドリ科 シロハラミズナギドリ属,46cm,,0,0,0,0,0,海鳥,迷鳥,5,,,,,Pterodroma hypoleuca,
682,フルマカモメ,ミズナギドリ目 ミズナギドリ科 フルマカモメ属,48cm,,1,1,0,0,0,海鳥,冬鳥,2,,,,,Fulmarus glacialis,
683,アナドリ,ミズナギドリ目 ミズナギドリ科 ミズナギドリ属,36cm,,1,1,1,1,1,海鳥,旅鳥,4,,,,,Bulweria bulwerii,
684,オオミズナギドリ,ミズナギドリ目 ミズナギドリ科 ミズナギドリ属,48cm,,1,1,1,1,1,海鳥,夏鳥,2,,,,,Calonectris leucomelas,
685,セグロミズナギドリ,ミズナギドリ目 ミズナギドリ科 ミズナギドリ属,35cm,,1,1,1,1,1,海鳥,旅鳥,4,,,,,Puffinus lherminieri,
686,ハイイロミズナギドリ,ミズナギドリ目 ミズナギドリ科 ミズナギドリ属,46cm,,1,1,1,1,1,海鳥,旅鳥,3,,,,,Puffinus griseus,
687,ハシボソミズナギドリ,ミズナギドリ目 ミズナギドリ科 ミズナギドリ属,43cm,,1,1,1,1,1,海鳥,旅鳥,2,,,,,Puffinus tenuirostris,
688,ヒメシロハラミズナギドリ,ミズナギドリ目 ミズナギドリ科 ミズナギドリ属,30cm,,1,1,1,1,1,海鳥,旅鳥,4,,,,,Pterodroma longirostris,
689,ミフウズラ,チドリ目 ミフウズラ科,15cm,,0,1,1,1,1,その他,留鳥,3,,,,,Turnix suscitator,
690,ヨタカ,ヨタカ目 ヨタカ科 ヨタカ属,29cm,,1,1,1,1,0,その他,夏鳥,3,,,,,Caprimulgus indicus,
691,アメリカコハクチョウ（コハクチョウ亜種）,カモ目 カモ科 ハクチョウ属,130cm,,1,1,1,1,1,ガンカモ,冬鳥,4,,,,,Cygnus columbianus columbianus,○
692,オオヒシクイ (ヒシクイ亜種),カモ目 カモ科 マガン属,90cm,天然記念物;IUCN(VU),1,1,0,1,0,ガンカモ,冬鳥,3,,,,,Anser fabalis serrirostris,○
693,オーストンオオアカゲラ (オオアカゲラ亜種),キツツキ目 キツツキ科 アカゲラ属,28cm,天然記念物,0,0,0,0,1,キツツキ,留鳥,4,,,,,Dendrocopos leucotos owstoni,○
694,オオカワラヒワ (カワラヒワ亜種),スズメ目 アトリ科 カワラヒワ属,15cm,,1,1,1,1,1,その他,冬鳥,2,,,,,Chloris sinica kawarahiba,○
695,チョウセンウグイス (ウグイス亜種),スズメ目 ウグイス科 ウグイス属,15.5cm,,0,0,0,1,1,ムシクイ,冬鳥,3,,,,,Horornis borealis,○
696,シマエナガ (エナガ亜種),スズメ目 エナガ科 エナガ属,14cm,,1,0,0,0,0,カラ類,留鳥,3,,,,,Aegithalos caudatus japonicus,○
697,ミヤマカケス (カケス亜種),スズメ目 カラス科 カケス属,33cm,,1,0,0,0,0,カラス類,留鳥,2,,,,,Garrulus glandarius brandtii,○
698,ミヤマホシガラス (ホシガラス亜種),スズメ目 カラス科 ホシガラス属,35cm,,1,1,1,1,0,カラス類,冬鳥,3,,,,,Nucifraga caryocatactes macrorhynchos,○
699,エゾコガラ (コガラ亜種),スズメ目 シジュウカラ科 コガラ属,13cm,,1,0,0,0,0,カラ類,留鳥,2,,,,,Poecile montanus restrictus,○
700,アマミヤマガラ (ヤマガラ亜種),スズメ目 シジュウカラ科 ヤマガラ属,14cm,,0,0,0,0,1,カラ類,留鳥,2,,,,,Sittiparus varius amamii,○
701,オーストンヤマガラ (ヤマガラ亜種),スズメ目 シジュウカラ科 ヤマガラ属,14cm,天然記念物,0,0,0,0,1,カラ類,留鳥,3,,,,,Sittiparus varius owstoni,○
702,オリイヤマガラ (ヤマガラ亜種),スズメ目 シジュウカラ科 ヤマガラ属,14cm,,0,0,0,0,1,カラ類,留鳥,3,,,,,Sittiparus varius orii,○
703,シベリアハクセキレイ (ハクセキレイ亜種),スズメ目 セキレイ科 セキレイ属,19cm,,1,1,1,1,1,セキレイ,冬鳥,3,,,,,Motacilla alba baicalensis,○
704,タイワンハクセキレイ(ハクセキレイ亜種),スズメ目 セキレイ科 セキレイ属,19cm,,0,0,0,0,1,セキレイ,留鳥,2,,,,,Motacilla alba ocularis,○
705,ホオジロハクセキレイ (ハクセキレイ亜種),スズメ目 セキレイ科 セキレイ属,21cm,,1,1,1,1,1,セキレイ,冬鳥,2,,,,,Motacilla alba leucopsis,○
706,マミジロツメナガセキレイ(ツメナガセキレイ亜種),スズメ目 セキレイ科 セキレイ属,17cm,,0,0,0,0,0,セキレイ,迷鳥,5,,,,,Motacilla flava simillima ,○
707,ハチジョウツグミ(ツグミ亜種),スズメ目 ツグミ科 ツグミ属,24cm,,0,0,0,0,1,その他,冬鳥,3,,,,,Turdus naumanni eunomus ,○
708,ホントウアカヒゲ(アカヒゲ亜種),スズメ目 ヒタキ科 アカヒゲ属,14cm,天然記念物;IUCN(EN),0,0,0,0,1,ヒタキ,留鳥,4,,,,,Larvivora komadori namiyei ,○
709,シチトウメジロ (メジロ亜種),スズメ目 メジロ科 メジロ属,12cm,,0,0,0,0,1,その他,留鳥,2,,,,,Zosterops japonicus stejnegeri,○
710,リュウキュウメジロ (メジロ亜種),スズメ目 メジロ科 メジロ属,12cm,,0,0,0,0,1,その他,留鳥,2,,,,,Zosterops japonicus loochooensis,○
711,シマアカモズ (アカモズ亜種),スズメ目 モズ科 モズ属,19cm,,1,1,1,1,1,その他,旅鳥,4,,,,,Lanius cristatus lucionensis,○
712,オガサワラノスリ (ノスリの亜種),タカ目 タカ科 ノスリ属,50cm,天然記念物;希少野生動植物種;IUCN(VU),0,0,0,0,1,猛禽,留鳥,4,,,,,Buteo buteo toyoshimai ,○
713,エゾハイタカ (ハイタカ亜種),タカ目 タカ科 ハイタカ属,35cm,,1,1,1,1,1,猛禽,冬鳥,3,,,,,Accipiter nisus nisosimilis,○
714,シベリアハヤブサ (ハヤブサ亜種),ハヤブサ目 ハヤブサ科 ハヤブサ属,45cm,希少野生動植物種,1,1,1,1,1,猛禽,冬鳥,3,,,,,Falco peregrinus calidus,○
715,リュウキュウアオバズク (アオバズク亜種),フクロウ目 フクロウ科 アオバズク属,29cm,,0,0,0,0,1,猛禽,留鳥,2,,,,,Ninox scutulata totogo,○
716,エゾフクロウ (フクロウ亜種),フクロウ目 フクロウ科 フクロウ属,50cm,,1,0,0,0,0,猛禽,留鳥,2,,,,,Strix uralensis japonica,○
717,オオアオサギ (アオサギ亜種),ペリカン目 サギ科 アオサギ属,115cm,,0,0,0,0,0,サギ,迷鳥,5,,,,,Ardea herodias fannini,○
718,インドハッカ,スズメ目 ムクドリ科 ハッカチョウ属,25cm,外来種,0,1,1,1,1,その他,留鳥,2,,,,,Acridotheres tristis,
719,オナガダルマインコ,オウム目 インコ科 ダルマインコ属,40cm,外来種,0,1,0,0,0,その他,留鳥,3,,,,,Psittacula longicauda,
720,ガビチョウ,スズメ目 チメドリ科 ガビチョウ属,25cm,外来種,0,1,1,1,0,その他,留鳥,2,,,,,Garrulax canorus,
721,コウヨウチョウ,スズメ目 カエデチョウ科 コウヨウチョウ属,11cm,外来種,0,1,0,0,0,その他,留鳥,4,,,,,Amandava amandava,
722,コクホウジャク,スズメ目 ハタオリドリ科 ホウジャク属,17cm,外来種,0,0,0,1,1,その他,留鳥,4,,,,,Euplectes afer,
723,コシジロキンパラ,スズメ目 カエデチョウ科 キンパラ属,11cm,外来種,0,0,0,0,1,その他,留鳥,2,,,,,Lonchura striata,
724,シロガシラ,スズメ目 ヒヨドリ科 シロガシラ属,19cm,外来種,0,0,1,1,1,その他,留鳥,2,,,,,Pycnonotus sinensis,
725,ズグロキンパラ,スズメ目 カエデチョウ科 キンパラ属,11cm,外来種,0,0,0,0,1,その他,留鳥,2,,,,,Lonchura atricapilla,
726,ソウシチョウ,スズメ目 チメドリ科 ソウシチョウ属,15cm,外来種,0,1,1,1,0,その他,留鳥,2,,,,,Leiothrix lutea,
727,ドバト,ハト目 ハト科 カワラバト属,33cm,外来種,1,1,1,1,1,ハト,留鳥,1,,,,,Columba livia var. domestica,
728,ハッカチョウ,スズメ目 ムクドリ科 ハッカチョウ属,26cm,外来種,0,1,1,1,1,その他,留鳥,3,,,,,Acridotheres cristatellus,
729,ハワイガン,カモ目 カモ科 コクガン属,66cm,外来種,0,1,0,0,0,ガンカモ,留鳥,5,,,,,Branta sandvicensis,
730,ホオジロガビチョウ,スズメ目 チメドリ科 ガビチョウ属,24cm,外来種,0,1,0,0,0,その他,留鳥,2,,,,,Garrulax leucolophus,
731,ワカケホンセイインコ,オウム目 インコ科 ホンセイインコ属,40cm,外来種,0,1,0,0,0,その他,留鳥,2,,,,,Psittacula krameri,
732,コジュケイ,キジ目 キジ科 コジュケイ属,27cm,狩猟鳥;外来種,0,1,1,1,0,その他,留鳥,1,,,,,Bambusicola thoracicus,
